[{"model": "admin.logentry", "pk": 1, "fields": {"action_time": "2021-12-23T18:24:07.364Z", "user": 1, "content_type": 6, "object_id": "1", "object_repr": "Shirts", "action_flag": 1, "change_message": "[{\"added\": {}}]"}}, {"model": "admin.logentry", "pk": 2, "fields": {"action_time": "2021-12-23T18:24:39.582Z", "user": 1, "content_type": 6, "object_id": "2", "object_repr": "T- shirts", "action_flag": 1, "change_message": "[{\"added\": {}}]"}}, {"model": "admin.logentry", "pk": 3, "fields": {"action_time": "2021-12-23T18:55:12.297Z", "user": 1, "content_type": 9, "object_id": "1", "object_repr": "Shirt", "action_flag": 1, "change_message": "[{\"added\": {}}]"}}, {"model": "admin.logentry", "pk": 4, "fields": {"action_time": "2021-12-24T04:39:07.299Z", "user": 1, "content_type": 9, "object_id": "1", "object_repr": "Step Shirt", "action_flag": 2, "change_message": "[{\"changed\": {\"fields\": [\"Product name\"]}}]"}}, {"model": "admin.logentry", "pk": 5, "fields": {"action_time": "2021-12-24T04:41:21.668Z", "user": 1, "content_type": 6, "object_id": "3", "object_repr": "Jeans", "action_flag": 1, "change_message": "[{\"added\": {}}]"}}, {"model": "admin.logentry", "pk": 6, "fields": {"action_time": "2021-12-24T04:41:59.424Z", "user": 1, "content_type": 9, "object_id": "2", "object_repr": "ATX-Jeans", "action_flag": 1, "change_message": "[{\"added\": {}}]"}}, {"model": "admin.logentry", "pk": 7, "fields": {"action_time": "2021-12-24T04:42:44.166Z", "user": 1, "content_type": 9, "object_id": "3", "object_repr": "Blue Shirt", "action_flag": 1, "change_message": "[{\"added\": {}}]"}}, {"model": "admin.logentry", "pk": 8, "fields": {"action_time": "2021-12-24T04:43:14.635Z", "user": 1, "content_type": 9, "object_id": "4", "object_repr": "Great T-shirt", "action_flag": 1, "change_message": "[{\"added\": {}}]"}}, {"model": "admin.logentry", "pk": 9, "fields": {"action_time": "2021-12-24T04:44:15.966Z", "user": 1, "content_type": 6, "object_id": "4", "object_repr": "Pants", "action_flag": 1, "change_message": "[{\"added\": {}}]"}}, {"model": "admin.logentry", "pk": 10, "fields": {"action_time": "2021-12-24T04:44:22.321Z", "user": 1, "content_type": 9, "object_id": "5", "object_repr": "Pant", "action_flag": 1, "change_message": "[{\"added\": {}}]"}}, {"model": "admin.logentry", "pk": 11, "fields": {"action_time": "2021-12-24T04:45:26.518Z", "user": 1, "content_type": 6, "object_id": "5", "object_repr": "Shoes", "action_flag": 1, "change_message": "[{\"added\": {}}]"}}, {"model": "admin.logentry", "pk": 12, "fields": {"action_time": "2021-12-24T04:45:29.213Z", "user": 1, "content_type": 9, "object_id": "6", "object_repr": "Jordan Shoes", "action_flag": 1, "change_message": "[{\"added\": {}}]"}}, {"model": "admin.logentry", "pk": 13, "fields": {"action_time": "2021-12-24T04:46:09.752Z", "user": 1, "content_type": 9, "object_id": "7", "object_repr": "Puma Shoes", "action_flag": 1, "change_message": "[{\"added\": {}}]"}}, {"model": "admin.logentry", "pk": 14, "fields": {"action_time": "2021-12-24T04:47:26.299Z", "user": 1, "content_type": 6, "object_id": "6", "object_repr": "Jackets", "action_flag": 1, "change_message": "[{\"added\": {}}]"}}, {"model": "admin.logentry", "pk": 15, "fields": {"action_time": "2021-12-24T04:47:34.453Z", "user": 1, "content_type": 9, "object_id": "8", "object_repr": "US-Polo-Assn_Jacket", "action_flag": 1, "change_message": "[{\"added\": {}}]"}}, {"model": "admin.logentry", "pk": 16, "fields": {"action_time": "2021-12-24T18:39:21.040Z", "user": 1, "content_type": 9, "object_id": "5", "object_repr": "Pant", "action_flag": 2, "change_message": "[{\"changed\": {\"fields\": [\"Stock\"]}}]"}}, {"model": "admin.logentry", "pk": 17, "fields": {"action_time": "2022-02-09T17:51:41.661Z", "user": 1, "content_type": 9, "object_id": "4", "object_repr": "Great T-shirt", "action_flag": 2, "change_message": "[{\"changed\": {\"fields\": [\"Description\"]}}]"}}, {"model": "admin.logentry", "pk": 18, "fields": {"action_time": "2022-02-14T10:10:32.526Z", "user": 1, "content_type": 12, "object_id": "1", "object_repr": "Variation object (1)", "action_flag": 1, "change_message": "[{\"added\": {}}]"}}, {"model": "admin.logentry", "pk": 19, "fields": {"action_time": "2022-02-14T10:10:51.191Z", "user": 1, "content_type": 12, "object_id": "2", "object_repr": "Variation object (2)", "action_flag": 1, "change_message": "[{\"added\": {}}]"}}, {"model": "admin.logentry", "pk": 20, "fields": {"action_time": "2022-02-14T10:11:06.428Z", "user": 1, "content_type": 12, "object_id": "3", "object_repr": "Variation object (3)", "action_flag": 1, "change_message": "[{\"added\": {}}]"}}, {"model": "admin.logentry", "pk": 21, "fields": {"action_time": "2022-02-14T13:37:54.280Z", "user": 1, "content_type": 12, "object_id": "1", "object_repr": "Variation object (1)", "action_flag": 2, "change_message": "[{\"changed\": {\"fields\": [\"Is active\"]}}]"}}, {"model": "admin.logentry", "pk": 22, "fields": {"action_time": "2022-02-18T14:46:14.447Z", "user": 1, "content_type": 12, "object_id": "3", "object_repr": "Variation object (3)", "action_flag": 2, "change_message": "[]"}}, {"model": "admin.logentry", "pk": 23, "fields": {"action_time": "2022-02-18T14:46:28.308Z", "user": 1, "content_type": 12, "object_id": "3", "object_repr": "Variation object (3)", "action_flag": 2, "change_message": "[{\"changed\": {\"fields\": [\"Variation value\"]}}]"}}, {"model": "admin.logentry", "pk": 24, "fields": {"action_time": "2022-02-18T14:46:43.684Z", "user": 1, "content_type": 12, "object_id": "3", "object_repr": "Variation object (3)", "action_flag": 2, "change_message": "[{\"changed\": {\"fields\": [\"Variation value\"]}}]"}}, {"model": "admin.logentry", "pk": 25, "fields": {"action_time": "2022-02-18T14:50:57.696Z", "user": 1, "content_type": 12, "object_id": "3", "object_repr": "Variation object (3)", "action_flag": 2, "change_message": "[{\"changed\": {\"fields\": [\"Variation value\"]}}]"}}, {"model": "admin.logentry", "pk": 26, "fields": {"action_time": "2022-02-18T15:00:21.368Z", "user": 1, "content_type": 12, "object_id": "3", "object_repr": "Variation object (3)", "action_flag": 2, "change_message": "[{\"changed\": {\"fields\": [\"Variation value\"]}}]"}}, {"model": "admin.logentry", "pk": 27, "fields": {"action_time": "2022-02-18T15:00:27.719Z", "user": 1, "content_type": 12, "object_id": "1", "object_repr": "Variation object (1)", "action_flag": 2, "change_message": "[{\"changed\": {\"fields\": [\"Is active\"]}}]"}}, {"model": "admin.logentry", "pk": 28, "fields": {"action_time": "2022-02-18T15:00:47.524Z", "user": 1, "content_type": 12, "object_id": "4", "object_repr": "Variation object (4)", "action_flag": 1, "change_message": "[{\"added\": {}}]"}}, {"model": "admin.logentry", "pk": 29, "fields": {"action_time": "2022-02-18T15:00:58.550Z", "user": 1, "content_type": 12, "object_id": "5", "object_repr": "Variation object (5)", "action_flag": 1, "change_message": "[{\"added\": {}}]"}}, {"model": "admin.logentry", "pk": 30, "fields": {"action_time": "2022-02-18T15:09:53.516Z", "user": 1, "content_type": 12, "object_id": "6", "object_repr": "Variation object (6)", "action_flag": 1, "change_message": "[{\"added\": {}}]"}}, {"model": "admin.logentry", "pk": 31, "fields": {"action_time": "2022-02-18T15:10:02.916Z", "user": 1, "content_type": 12, "object_id": "7", "object_repr": "Variation object (7)", "action_flag": 1, "change_message": "[{\"added\": {}}]"}}, {"model": "admin.logentry", "pk": 32, "fields": {"action_time": "2022-02-18T15:10:14.268Z", "user": 1, "content_type": 12, "object_id": "7", "object_repr": "Variation object (7)", "action_flag": 2, "change_message": "[{\"changed\": {\"fields\": [\"Variation value\"]}}]"}}, {"model": "admin.logentry", "pk": 33, "fields": {"action_time": "2022-02-18T16:01:57.297Z", "user": 1, "content_type": 12, "object_id": "8", "object_repr": "Variation object (8)", "action_flag": 1, "change_message": "[{\"added\": {}}]"}}, {"model": "admin.logentry", "pk": 34, "fields": {"action_time": "2022-02-18T16:02:23.646Z", "user": 1, "content_type": 12, "object_id": "9", "object_repr": "Variation object (9)", "action_flag": 1, "change_message": "[{\"added\": {}}]"}}, {"model": "admin.logentry", "pk": 35, "fields": {"action_time": "2022-02-18T16:02:36.616Z", "user": 1, "content_type": 12, "object_id": "10", "object_repr": "Variation object (10)", "action_flag": 1, "change_message": "[{\"added\": {}}]"}}, {"model": "admin.logentry", "pk": 36, "fields": {"action_time": "2022-02-18T16:02:48.846Z", "user": 1, "content_type": 12, "object_id": "11", "object_repr": "Variation object (11)", "action_flag": 1, "change_message": "[{\"added\": {}}]"}}, {"model": "admin.logentry", "pk": 37, "fields": {"action_time": "2022-02-18T16:22:27.022Z", "user": 1, "content_type": 12, "object_id": "12", "object_repr": "Variation object (12)", "action_flag": 1, "change_message": "[{\"added\": {}}]"}}, {"model": "admin.logentry", "pk": 38, "fields": {"action_time": "2022-02-18T16:22:44.364Z", "user": 1, "content_type": 12, "object_id": "13", "object_repr": "Variation object (13)", "action_flag": 1, "change_message": "[{\"added\": {}}]"}}, {"model": "admin.logentry", "pk": 39, "fields": {"action_time": "2022-02-18T16:23:15.402Z", "user": 1, "content_type": 12, "object_id": "14", "object_repr": "Variation object (14)", "action_flag": 1, "change_message": "[{\"added\": {}}]"}}, {"model": "admin.logentry", "pk": 40, "fields": {"action_time": "2022-02-18T16:24:35.612Z", "user": 1, "content_type": 12, "object_id": "12", "object_repr": "Variation object (12)", "action_flag": 2, "change_message": "[{\"changed\": {\"fields\": [\"Variation value\"]}}]"}}, {"model": "admin.logentry", "pk": 41, "fields": {"action_time": "2022-02-18T16:25:03.508Z", "user": 1, "content_type": 12, "object_id": "13", "object_repr": "Variation object (13)", "action_flag": 2, "change_message": "[{\"changed\": {\"fields\": [\"Variation value\"]}}]"}}, {"model": "admin.logentry", "pk": 42, "fields": {"action_time": "2022-02-18T16:25:11.842Z", "user": 1, "content_type": 12, "object_id": "14", "object_repr": "Variation object (14)", "action_flag": 2, "change_message": "[{\"changed\": {\"fields\": [\"Variation value\"]}}]"}}, {"model": "admin.logentry", "pk": 43, "fields": {"action_time": "2022-02-18T16:26:50.705Z", "user": 1, "content_type": 12, "object_id": "15", "object_repr": "Variation object (15)", "action_flag": 1, "change_message": "[{\"added\": {}}]"}}, {"model": "admin.logentry", "pk": 44, "fields": {"action_time": "2022-02-18T16:27:43.629Z", "user": 1, "content_type": 12, "object_id": "16", "object_repr": "Variation object (16)", "action_flag": 1, "change_message": "[{\"added\": {}}]"}}, {"model": "admin.logentry", "pk": 45, "fields": {"action_time": "2022-02-18T20:07:13.591Z", "user": 1, "content_type": 10, "object_id": "47", "object_repr": "CartItem object (47)", "action_flag": 2, "change_message": "[{\"changed\": {\"fields\": [\"Variations\"]}}]"}}, {"model": "admin.logentry", "pk": 46, "fields": {"action_time": "2022-02-24T09:18:48.194Z", "user": 1, "content_type": 7, "object_id": "18", "object_repr": "joh222@gmail.com", "action_flag": 3, "change_message": ""}}, {"model": "admin.logentry", "pk": 47, "fields": {"action_time": "2022-02-24T09:18:48.332Z", "user": 1, "content_type": 7, "object_id": "17", "object_repr": "joh22@gmail.com", "action_flag": 3, "change_message": ""}}, {"model": "admin.logentry", "pk": 48, "fields": {"action_time": "2022-02-24T09:18:48.465Z", "user": 1, "content_type": 7, "object_id": "16", "object_repr": "joh2@gmail.com", "action_flag": 3, "change_message": ""}}, {"model": "admin.logentry", "pk": 49, "fields": {"action_time": "2022-02-24T09:18:48.591Z", "user": 1, "content_type": 7, "object_id": "15", "object_repr": "hridoy464@gmail.com", "action_flag": 3, "change_message": ""}}, {"model": "admin.logentry", "pk": 50, "fields": {"action_time": "2022-02-24T09:18:48.674Z", "user": 1, "content_type": 7, "object_id": "14", "object_repr": "sdf22s@gmail.com", "action_flag": 3, "change_message": ""}}, {"model": "admin.logentry", "pk": 51, "fields": {"action_time": "2022-02-24T09:18:48.758Z", "user": 1, "content_type": 7, "object_id": "13", "object_repr": "sdf2s@gmail.com", "action_flag": 3, "change_message": ""}}, {"model": "admin.logentry", "pk": 52, "fields": {"action_time": "2022-02-24T09:18:48.885Z", "user": 1, "content_type": 7, "object_id": "12", "object_repr": "sdmyaccount@gmail.com", "action_flag": 3, "change_message": ""}}, {"model": "admin.logentry", "pk": 53, "fields": {"action_time": "2022-02-24T09:18:49.039Z", "user": 1, "content_type": 7, "object_id": "11", "object_repr": "sdfs@gmail.com", "action_flag": 3, "change_message": ""}}, {"model": "admin.logentry", "pk": 54, "fields": {"action_time": "2022-02-24T09:18:49.199Z", "user": 1, "content_type": 7, "object_id": "10", "object_repr": "myaccousnt@gmail.com", "action_flag": 3, "change_message": ""}}, {"model": "admin.logentry", "pk": 55, "fields": {"action_time": "2022-02-24T09:18:49.461Z", "user": 1, "content_type": 7, "object_id": "9", "object_repr": "kathbirali@gmail.com", "action_flag": 3, "change_message": ""}}, {"model": "admin.logentry", "pk": 56, "fields": {"action_time": "2022-02-24T09:18:49.555Z", "user": 1, "content_type": 7, "object_id": "8", "object_repr": "baby@gmail.com", "action_flag": 3, "change_message": ""}}, {"model": "admin.logentry", "pk": 57, "fields": {"action_time": "2022-02-24T09:18:49.655Z", "user": 1, "content_type": 7, "object_id": "7", "object_repr": "amit@gmail.com", "action_flag": 3, "change_message": ""}}, {"model": "admin.logentry", "pk": 58, "fields": {"action_time": "2022-02-24T09:18:49.741Z", "user": 1, "content_type": 7, "object_id": "6", "object_repr": "ann@gmail.com", "action_flag": 3, "change_message": ""}}, {"model": "admin.logentry", "pk": 59, "fields": {"action_time": "2022-02-24T09:18:49.951Z", "user": 1, "content_type": 7, "object_id": "5", "object_repr": "sheanto@gmail.com", "action_flag": 3, "change_message": ""}}, {"model": "admin.logentry", "pk": 60, "fields": {"action_time": "2022-02-24T09:18:50.150Z", "user": 1, "content_type": 7, "object_id": "4", "object_repr": "shanto@gmail.com", "action_flag": 3, "change_message": ""}}, {"model": "admin.logentry", "pk": 61, "fields": {"action_time": "2022-02-24T09:18:50.370Z", "user": 1, "content_type": 7, "object_id": "3", "object_repr": "john@gmail.com", "action_flag": 3, "change_message": ""}}, {"model": "admin.logentry", "pk": 62, "fields": {"action_time": "2022-02-24T09:18:50.615Z", "user": 1, "content_type": 7, "object_id": "2", "object_repr": "myaccount@gmail.com", "action_flag": 3, "change_message": ""}}, {"model": "admin.logentry", "pk": 63, "fields": {"action_time": "2022-02-24T09:25:49.745Z", "user": 1, "content_type": 7, "object_id": "19", "object_repr": "hridoy464@gmail.com", "action_flag": 3, "change_message": ""}}, {"model": "admin.logentry", "pk": 64, "fields": {"action_time": "2022-02-26T19:31:26.628Z", "user": 1, "content_type": 7, "object_id": "29", "object_repr": "johnw22w@gmail.com", "action_flag": 3, "change_message": ""}}, {"model": "admin.logentry", "pk": 65, "fields": {"action_time": "2022-02-26T19:31:26.760Z", "user": 1, "content_type": 7, "object_id": "28", "object_repr": "john214@gmail.com", "action_flag": 3, "change_message": ""}}, {"model": "admin.logentry", "pk": 66, "fields": {"action_time": "2022-02-26T19:31:26.898Z", "user": 1, "content_type": 7, "object_id": "27", "object_repr": "sdwws@gmail.com", "action_flag": 3, "change_message": ""}}, {"model": "admin.logentry", "pk": 67, "fields": {"action_time": "2022-02-26T19:31:27.004Z", "user": 1, "content_type": 7, "object_id": "26", "object_repr": "johnw@gmail.com", "action_flag": 3, "change_message": ""}}, {"model": "admin.logentry", "pk": 68, "fields": {"action_time": "2022-02-26T19:31:27.155Z", "user": 1, "content_type": 7, "object_id": "25", "object_repr": "john324@gmail.com", "action_flag": 3, "change_message": ""}}, {"model": "admin.logentry", "pk": 69, "fields": {"action_time": "2022-02-26T19:31:27.255Z", "user": 1, "content_type": 7, "object_id": "24", "object_repr": "john65@gmail.com", "action_flag": 3, "change_message": ""}}, {"model": "admin.logentry", "pk": 70, "fields": {"action_time": "2022-02-26T19:31:27.344Z", "user": 1, "content_type": 7, "object_id": "23", "object_repr": "sdf22s@gmail.com", "action_flag": 3, "change_message": ""}}, {"model": "admin.logentry", "pk": 71, "fields": {"action_time": "2022-02-26T19:31:27.478Z", "user": 1, "content_type": 7, "object_id": "22", "object_repr": "sdfs@gmail.com", "action_flag": 3, "change_message": ""}}, {"model": "admin.logentry", "pk": 72, "fields": {"action_time": "2022-02-26T19:31:27.563Z", "user": 1, "content_type": 7, "object_id": "21", "object_repr": "johnww@gmail.com", "action_flag": 3, "change_message": ""}}, {"model": "admin.logentry", "pk": 73, "fields": {"action_time": "2022-02-26T19:32:46.708Z", "user": 1, "content_type": 7, "object_id": "20", "object_repr": "hridoy464@gmail.com", "action_flag": 3, "change_message": ""}}, {"model": "admin.logentry", "pk": 74, "fields": {"action_time": "2022-03-05T19:15:32.691Z", "user": 1, "content_type": 7, "object_id": "31", "object_repr": "john@gmail.com", "action_flag": 3, "change_message": ""}}, {"model": "admin.logentry", "pk": 75, "fields": {"action_time": "2022-03-05T19:15:32.822Z", "user": 1, "content_type": 7, "object_id": "30", "object_repr": "hridoy464@gmail.com", "action_flag": 3, "change_message": ""}}, {"model": "admin.logentry", "pk": 76, "fields": {"action_time": "2022-03-05T20:04:42.044Z", "user": 1, "content_type": 7, "object_id": "32", "object_repr": "hridoy464@gmail.com", "action_flag": 3, "change_message": ""}}, {"model": "admin.logentry", "pk": 77, "fields": {"action_time": "2022-03-05T21:12:06.838Z", "user": 1, "content_type": 7, "object_id": "34", "object_repr": "hridoy464@gmail.com", "action_flag": 3, "change_message": ""}}, {"model": "admin.logentry", "pk": 78, "fields": {"action_time": "2022-03-07T16:51:05.974Z", "user": 1, "content_type": 10, "object_id": "116", "object_repr": "CartItem object (116)", "action_flag": 3, "change_message": ""}}, {"model": "admin.logentry", "pk": 79, "fields": {"action_time": "2022-03-07T16:51:06.558Z", "user": 1, "content_type": 10, "object_id": "115", "object_repr": "CartItem object (115)", "action_flag": 3, "change_message": ""}}, {"model": "admin.logentry", "pk": 80, "fields": {"action_time": "2022-03-07T16:51:06.938Z", "user": 1, "content_type": 10, "object_id": "114", "object_repr": "CartItem object (114)", "action_flag": 3, "change_message": ""}}, {"model": "admin.logentry", "pk": 81, "fields": {"action_time": "2022-03-07T16:51:07.259Z", "user": 1, "content_type": 10, "object_id": "113", "object_repr": "CartItem object (113)", "action_flag": 3, "change_message": ""}}, {"model": "admin.logentry", "pk": 82, "fields": {"action_time": "2022-03-07T16:51:07.553Z", "user": 1, "content_type": 10, "object_id": "109", "object_repr": "CartItem object (109)", "action_flag": 3, "change_message": ""}}, {"model": "admin.logentry", "pk": 83, "fields": {"action_time": "2022-03-07T16:51:07.796Z", "user": 1, "content_type": 10, "object_id": "108", "object_repr": "CartItem object (108)", "action_flag": 3, "change_message": ""}}, {"model": "admin.logentry", "pk": 84, "fields": {"action_time": "2022-03-07T16:51:08.124Z", "user": 1, "content_type": 10, "object_id": "107", "object_repr": "CartItem object (107)", "action_flag": 3, "change_message": ""}}, {"model": "admin.logentry", "pk": 85, "fields": {"action_time": "2022-03-07T16:51:08.384Z", "user": 1, "content_type": 10, "object_id": "106", "object_repr": "CartItem object (106)", "action_flag": 3, "change_message": ""}}, {"model": "admin.logentry", "pk": 86, "fields": {"action_time": "2022-03-07T16:51:08.584Z", "user": 1, "content_type": 10, "object_id": "105", "object_repr": "CartItem object (105)", "action_flag": 3, "change_message": ""}}, {"model": "admin.logentry", "pk": 87, "fields": {"action_time": "2022-03-07T16:51:08.794Z", "user": 1, "content_type": 10, "object_id": "40", "object_repr": "CartItem object (40)", "action_flag": 3, "change_message": ""}}, {"model": "admin.logentry", "pk": 88, "fields": {"action_time": "2022-03-07T16:51:09.024Z", "user": 1, "content_type": 10, "object_id": "32", "object_repr": "CartItem object (32)", "action_flag": 3, "change_message": ""}}, {"model": "admin.logentry", "pk": 89, "fields": {"action_time": "2022-03-07T16:51:09.275Z", "user": 1, "content_type": 10, "object_id": "31", "object_repr": "CartItem object (31)", "action_flag": 3, "change_message": ""}}, {"model": "admin.logentry", "pk": 90, "fields": {"action_time": "2022-03-07T16:51:09.514Z", "user": 1, "content_type": 10, "object_id": "30", "object_repr": "CartItem object (30)", "action_flag": 3, "change_message": ""}}, {"model": "admin.logentry", "pk": 91, "fields": {"action_time": "2022-03-07T16:51:09.759Z", "user": 1, "content_type": 10, "object_id": "9", "object_repr": "CartItem object (9)", "action_flag": 3, "change_message": ""}}, {"model": "admin.logentry", "pk": 92, "fields": {"action_time": "2022-03-07T16:51:10.107Z", "user": 1, "content_type": 10, "object_id": "8", "object_repr": "CartItem object (8)", "action_flag": 3, "change_message": ""}}, {"model": "admin.logentry", "pk": 93, "fields": {"action_time": "2022-03-07T16:51:10.410Z", "user": 1, "content_type": 10, "object_id": "7", "object_repr": "CartItem object (7)", "action_flag": 3, "change_message": ""}}, {"model": "admin.logentry", "pk": 94, "fields": {"action_time": "2022-03-07T16:51:10.667Z", "user": 1, "content_type": 10, "object_id": "6", "object_repr": "CartItem object (6)", "action_flag": 3, "change_message": ""}}, {"model": "admin.logentry", "pk": 95, "fields": {"action_time": "2022-03-07T17:55:11.526Z", "user": 1, "content_type": 11, "object_id": "20", "object_repr": "3enfdim9oebqaeayfppmyssuyrw7kdxj", "action_flag": 3, "change_message": ""}}, {"model": "admin.logentry", "pk": 96, "fields": {"action_time": "2022-03-07T17:55:11.852Z", "user": 1, "content_type": 11, "object_id": "19", "object_repr": "cged0tm8q5ckie0a2rrgekgvz0j2u5km", "action_flag": 3, "change_message": ""}}, {"model": "admin.logentry", "pk": 97, "fields": {"action_time": "2022-03-07T17:55:12.095Z", "user": 1, "content_type": 11, "object_id": "18", "object_repr": "rgvhs161fsrgdki11xdp0qyzu42kou6y", "action_flag": 3, "change_message": ""}}, {"model": "admin.logentry", "pk": 98, "fields": {"action_time": "2022-03-07T17:55:12.306Z", "user": 1, "content_type": 11, "object_id": "17", "object_repr": "bouoq4qpdoa1cy63ep39v23lb7nf2nrj", "action_flag": 3, "change_message": ""}}, {"model": "admin.logentry", "pk": 99, "fields": {"action_time": "2022-03-07T17:55:12.568Z", "user": 1, "content_type": 11, "object_id": "16", "object_repr": "qtzwo6s8ydzlv93nj7kkp54f8c4jfj3q", "action_flag": 3, "change_message": ""}}, {"model": "admin.logentry", "pk": 100, "fields": {"action_time": "2022-03-07T17:55:12.915Z", "user": 1, "content_type": 11, "object_id": "15", "object_repr": "2cf2hgio0vi2hqs1df2luo1zppluf2g4", "action_flag": 3, "change_message": ""}}, {"model": "admin.logentry", "pk": 101, "fields": {"action_time": "2022-03-07T17:55:13.158Z", "user": 1, "content_type": 11, "object_id": "14", "object_repr": "jncjpjzxekfa5c6w8zqbaja0nwy4qhfd", "action_flag": 3, "change_message": ""}}, {"model": "admin.logentry", "pk": 102, "fields": {"action_time": "2022-03-07T17:55:13.369Z", "user": 1, "content_type": 11, "object_id": "13", "object_repr": "uf75wersw1djywm68mshliutvtj83k3g", "action_flag": 3, "change_message": ""}}, {"model": "admin.logentry", "pk": 103, "fields": {"action_time": "2022-03-07T17:55:13.568Z", "user": 1, "content_type": 11, "object_id": "12", "object_repr": "2vzxnbowbbr5kjlu9mzwnacxxcmm9ltv", "action_flag": 3, "change_message": ""}}, {"model": "admin.logentry", "pk": 104, "fields": {"action_time": "2022-03-07T17:55:13.788Z", "user": 1, "content_type": 11, "object_id": "11", "object_repr": "smwb5rss96xyjois8979uos6gz2xcohz", "action_flag": 3, "change_message": ""}}, {"model": "admin.logentry", "pk": 105, "fields": {"action_time": "2022-03-07T17:55:14.002Z", "user": 1, "content_type": 11, "object_id": "10", "object_repr": "nntcimc7l20sal3xxf6rnkqawksa34t5", "action_flag": 3, "change_message": ""}}, {"model": "admin.logentry", "pk": 106, "fields": {"action_time": "2022-03-07T17:55:14.215Z", "user": 1, "content_type": 11, "object_id": "9", "object_repr": "g2zmi82rw6bm2te2u791a1dtli42gmim", "action_flag": 3, "change_message": ""}}, {"model": "admin.logentry", "pk": 107, "fields": {"action_time": "2022-03-07T17:55:14.421Z", "user": 1, "content_type": 11, "object_id": "8", "object_repr": "rb8h7wmpm6w720i4u9wuqyh6mvjqrfuc", "action_flag": 3, "change_message": ""}}, {"model": "admin.logentry", "pk": 108, "fields": {"action_time": "2022-03-07T17:55:14.650Z", "user": 1, "content_type": 11, "object_id": "7", "object_repr": "fix9rgyucukcxy2krfmbwamoi2x35uqw", "action_flag": 3, "change_message": ""}}, {"model": "admin.logentry", "pk": 109, "fields": {"action_time": "2022-03-07T17:55:14.828Z", "user": 1, "content_type": 11, "object_id": "6", "object_repr": "mnuesuxyo4jz3phga5jfc44m0idaayro", "action_flag": 3, "change_message": ""}}, {"model": "admin.logentry", "pk": 110, "fields": {"action_time": "2022-03-07T17:55:15.031Z", "user": 1, "content_type": 11, "object_id": "5", "object_repr": "ywe0g6q9hxg3v4dxacx50q3lei61yncd", "action_flag": 3, "change_message": ""}}, {"model": "admin.logentry", "pk": 111, "fields": {"action_time": "2022-03-07T17:55:15.266Z", "user": 1, "content_type": 11, "object_id": "4", "object_repr": "dxnwp9f8ntz7ogpueezmuprh2oibib4m", "action_flag": 3, "change_message": ""}}, {"model": "admin.logentry", "pk": 112, "fields": {"action_time": "2022-03-07T17:55:15.509Z", "user": 1, "content_type": 11, "object_id": "3", "object_repr": "60oqglcvb6loacqmq50693euipml11ef", "action_flag": 3, "change_message": ""}}, {"model": "admin.logentry", "pk": 113, "fields": {"action_time": "2022-03-07T17:55:15.702Z", "user": 1, "content_type": 11, "object_id": "2", "object_repr": "ppr4x74ma6o5gbi9ezlxpyjr8u5w05fe", "action_flag": 3, "change_message": ""}}, {"model": "admin.logentry", "pk": 114, "fields": {"action_time": "2022-03-07T17:55:15.883Z", "user": 1, "content_type": 11, "object_id": "1", "object_repr": "fr366r5y6zw4lncblzuz8h4dfa66s8rf", "action_flag": 3, "change_message": ""}}, {"model": "admin.logentry", "pk": 115, "fields": {"action_time": "2022-03-07T19:13:11.684Z", "user": 1, "content_type": 11, "object_id": "22", "object_repr": "i4uo9ojcowyt1fglhqmm17khq5z53i33", "action_flag": 3, "change_message": ""}}, {"model": "admin.logentry", "pk": 116, "fields": {"action_time": "2022-03-07T19:13:12.089Z", "user": 1, "content_type": 11, "object_id": "21", "object_repr": "xmot1iu82nep5knz0kv17qo9oo5rwne6", "action_flag": 3, "change_message": ""}}, {"model": "admin.logentry", "pk": 117, "fields": {"action_time": "2022-03-07T19:13:28.927Z", "user": 1, "content_type": 10, "object_id": "127", "object_repr": "CartItem object (127)", "action_flag": 3, "change_message": ""}}, {"model": "admin.logentry", "pk": 118, "fields": {"action_time": "2022-03-07T19:13:29.326Z", "user": 1, "content_type": 10, "object_id": "125", "object_repr": "CartItem object (125)", "action_flag": 3, "change_message": ""}}, {"model": "admin.logentry", "pk": 119, "fields": {"action_time": "2022-03-07T19:31:58.714Z", "user": 1, "content_type": 10, "object_id": "137", "object_repr": "CartItem object (137)", "action_flag": 3, "change_message": ""}}, {"model": "admin.logentry", "pk": 120, "fields": {"action_time": "2022-03-07T19:31:58.934Z", "user": 1, "content_type": 10, "object_id": "136", "object_repr": "CartItem object (136)", "action_flag": 3, "change_message": ""}}, {"model": "admin.logentry", "pk": 121, "fields": {"action_time": "2022-03-07T19:31:59.208Z", "user": 1, "content_type": 10, "object_id": "135", "object_repr": "CartItem object (135)", "action_flag": 3, "change_message": ""}}, {"model": "admin.logentry", "pk": 122, "fields": {"action_time": "2022-03-07T19:31:59.468Z", "user": 1, "content_type": 10, "object_id": "134", "object_repr": "CartItem object (134)", "action_flag": 3, "change_message": ""}}, {"model": "admin.logentry", "pk": 123, "fields": {"action_time": "2022-03-07T19:31:59.674Z", "user": 1, "content_type": 10, "object_id": "133", "object_repr": "CartItem object (133)", "action_flag": 3, "change_message": ""}}, {"model": "admin.logentry", "pk": 124, "fields": {"action_time": "2022-03-07T19:31:59.954Z", "user": 1, "content_type": 10, "object_id": "132", "object_repr": "CartItem object (132)", "action_flag": 3, "change_message": ""}}, {"model": "admin.logentry", "pk": 125, "fields": {"action_time": "2022-03-07T19:32:00.183Z", "user": 1, "content_type": 10, "object_id": "131", "object_repr": "CartItem object (131)", "action_flag": 3, "change_message": ""}}, {"model": "admin.logentry", "pk": 126, "fields": {"action_time": "2022-03-07T19:32:00.474Z", "user": 1, "content_type": 10, "object_id": "130", "object_repr": "CartItem object (130)", "action_flag": 3, "change_message": ""}}, {"model": "admin.logentry", "pk": 127, "fields": {"action_time": "2022-03-07T19:32:00.759Z", "user": 1, "content_type": 10, "object_id": "129", "object_repr": "CartItem object (129)", "action_flag": 3, "change_message": ""}}, {"model": "admin.logentry", "pk": 128, "fields": {"action_time": "2022-03-15T12:57:41.595Z", "user": 1, "content_type": 13, "object_id": "78", "object_repr": "Hridoy11", "action_flag": 3, "change_message": ""}}, {"model": "admin.logentry", "pk": 129, "fields": {"action_time": "2022-03-15T12:57:41.815Z", "user": 1, "content_type": 13, "object_id": "77", "object_repr": "Hridoy11", "action_flag": 3, "change_message": ""}}, {"model": "admin.logentry", "pk": 130, "fields": {"action_time": "2022-03-15T12:57:41.951Z", "user": 1, "content_type": 13, "object_id": "76", "object_repr": "Hridoy11", "action_flag": 3, "change_message": ""}}, {"model": "admin.logentry", "pk": 131, "fields": {"action_time": "2022-03-15T12:57:42.071Z", "user": 1, "content_type": 13, "object_id": "75", "object_repr": "Hridoy11", "action_flag": 3, "change_message": ""}}, {"model": "admin.logentry", "pk": 132, "fields": {"action_time": "2022-03-15T12:57:42.170Z", "user": 1, "content_type": 13, "object_id": "74", "object_repr": "Hridoy11", "action_flag": 3, "change_message": ""}}, {"model": "admin.logentry", "pk": 133, "fields": {"action_time": "2022-03-15T12:57:42.305Z", "user": 1, "content_type": 13, "object_id": "73", "object_repr": "Hridoy11", "action_flag": 3, "change_message": ""}}, {"model": "admin.logentry", "pk": 134, "fields": {"action_time": "2022-03-15T12:57:42.406Z", "user": 1, "content_type": 13, "object_id": "72", "object_repr": "Hridoy11", "action_flag": 3, "change_message": ""}}, {"model": "admin.logentry", "pk": 135, "fields": {"action_time": "2022-03-15T12:57:42.503Z", "user": 1, "content_type": 13, "object_id": "71", "object_repr": "Hridoy11", "action_flag": 3, "change_message": ""}}, {"model": "admin.logentry", "pk": 136, "fields": {"action_time": "2022-03-15T12:57:42.626Z", "user": 1, "content_type": 13, "object_id": "70", "object_repr": "Hridoy11", "action_flag": 3, "change_message": ""}}, {"model": "admin.logentry", "pk": 137, "fields": {"action_time": "2022-03-15T12:57:42.714Z", "user": 1, "content_type": 13, "object_id": "69", "object_repr": "Hridoy11", "action_flag": 3, "change_message": ""}}, {"model": "admin.logentry", "pk": 138, "fields": {"action_time": "2022-03-15T12:57:42.813Z", "user": 1, "content_type": 13, "object_id": "68", "object_repr": "Hridoy11", "action_flag": 3, "change_message": ""}}, {"model": "admin.logentry", "pk": 139, "fields": {"action_time": "2022-03-15T12:57:42.901Z", "user": 1, "content_type": 13, "object_id": "67", "object_repr": "Hridoy11", "action_flag": 3, "change_message": ""}}, {"model": "admin.logentry", "pk": 140, "fields": {"action_time": "2022-03-15T12:57:42.990Z", "user": 1, "content_type": 13, "object_id": "66", "object_repr": "Hridoy11", "action_flag": 3, "change_message": ""}}, {"model": "admin.logentry", "pk": 141, "fields": {"action_time": "2022-03-15T12:57:43.157Z", "user": 1, "content_type": 13, "object_id": "65", "object_repr": "Hridoy3", "action_flag": 3, "change_message": ""}}, {"model": "admin.logentry", "pk": 142, "fields": {"action_time": "2022-03-15T12:57:43.323Z", "user": 1, "content_type": 13, "object_id": "64", "object_repr": "Hridoy3", "action_flag": 3, "change_message": ""}}, {"model": "admin.logentry", "pk": 143, "fields": {"action_time": "2022-03-15T12:57:43.411Z", "user": 1, "content_type": 13, "object_id": "63", "object_repr": "Hridoy3", "action_flag": 3, "change_message": ""}}, {"model": "admin.logentry", "pk": 144, "fields": {"action_time": "2022-03-15T12:57:43.500Z", "user": 1, "content_type": 13, "object_id": "62", "object_repr": "Hridoy22", "action_flag": 3, "change_message": ""}}, {"model": "admin.logentry", "pk": 145, "fields": {"action_time": "2022-03-15T12:57:43.599Z", "user": 1, "content_type": 13, "object_id": "61", "object_repr": "Hridoy22", "action_flag": 3, "change_message": ""}}, {"model": "admin.logentry", "pk": 146, "fields": {"action_time": "2022-03-15T12:57:43.690Z", "user": 1, "content_type": 13, "object_id": "60", "object_repr": "Hridoy2", "action_flag": 3, "change_message": ""}}, {"model": "admin.logentry", "pk": 147, "fields": {"action_time": "2022-03-15T12:57:43.877Z", "user": 1, "content_type": 13, "object_id": "59", "object_repr": "Hridoy", "action_flag": 3, "change_message": ""}}, {"model": "admin.logentry", "pk": 148, "fields": {"action_time": "2022-03-15T12:57:44.170Z", "user": 1, "content_type": 13, "object_id": "58", "object_repr": "Hridoy", "action_flag": 3, "change_message": ""}}, {"model": "admin.logentry", "pk": 149, "fields": {"action_time": "2022-03-15T12:57:44.407Z", "user": 1, "content_type": 13, "object_id": "57", "object_repr": "Hridoy", "action_flag": 3, "change_message": ""}}, {"model": "admin.logentry", "pk": 150, "fields": {"action_time": "2022-03-15T12:57:44.584Z", "user": 1, "content_type": 13, "object_id": "56", "object_repr": "Hridoy", "action_flag": 3, "change_message": ""}}, {"model": "admin.logentry", "pk": 151, "fields": {"action_time": "2022-03-15T12:57:44.816Z", "user": 1, "content_type": 13, "object_id": "55", "object_repr": "Hridoy", "action_flag": 3, "change_message": ""}}, {"model": "admin.logentry", "pk": 152, "fields": {"action_time": "2022-03-15T12:57:44.994Z", "user": 1, "content_type": 13, "object_id": "54", "object_repr": "Hridoy", "action_flag": 3, "change_message": ""}}, {"model": "admin.logentry", "pk": 153, "fields": {"action_time": "2022-03-15T12:57:45.229Z", "user": 1, "content_type": 13, "object_id": "53", "object_repr": "Hridoy", "action_flag": 3, "change_message": ""}}, {"model": "admin.logentry", "pk": 154, "fields": {"action_time": "2022-03-15T12:57:45.482Z", "user": 1, "content_type": 13, "object_id": "52", "object_repr": "Hridoy", "action_flag": 3, "change_message": ""}}, {"model": "admin.logentry", "pk": 155, "fields": {"action_time": "2022-03-15T12:57:45.591Z", "user": 1, "content_type": 13, "object_id": "51", "object_repr": "Hridoy", "action_flag": 3, "change_message": ""}}, {"model": "admin.logentry", "pk": 156, "fields": {"action_time": "2022-03-15T12:57:45.749Z", "user": 1, "content_type": 13, "object_id": "50", "object_repr": "Hridoy", "action_flag": 3, "change_message": ""}}, {"model": "admin.logentry", "pk": 157, "fields": {"action_time": "2022-03-15T12:57:45.980Z", "user": 1, "content_type": 13, "object_id": "49", "object_repr": "Hridoy", "action_flag": 3, "change_message": ""}}, {"model": "admin.logentry", "pk": 158, "fields": {"action_time": "2022-03-15T12:57:46.183Z", "user": 1, "content_type": 13, "object_id": "48", "object_repr": "Hridoy", "action_flag": 3, "change_message": ""}}, {"model": "admin.logentry", "pk": 159, "fields": {"action_time": "2022-03-15T12:57:46.334Z", "user": 1, "content_type": 13, "object_id": "47", "object_repr": "Hridoy", "action_flag": 3, "change_message": ""}}, {"model": "admin.logentry", "pk": 160, "fields": {"action_time": "2022-03-15T12:57:46.455Z", "user": 1, "content_type": 13, "object_id": "46", "object_repr": "Hridoy", "action_flag": 3, "change_message": ""}}, {"model": "admin.logentry", "pk": 161, "fields": {"action_time": "2022-03-15T12:57:46.555Z", "user": 1, "content_type": 13, "object_id": "45", "object_repr": "Hridoy", "action_flag": 3, "change_message": ""}}, {"model": "admin.logentry", "pk": 162, "fields": {"action_time": "2022-03-15T12:57:46.644Z", "user": 1, "content_type": 13, "object_id": "44", "object_repr": "Hridoy", "action_flag": 3, "change_message": ""}}, {"model": "admin.logentry", "pk": 163, "fields": {"action_time": "2022-03-15T12:57:46.743Z", "user": 1, "content_type": 13, "object_id": "43", "object_repr": "Hridoy", "action_flag": 3, "change_message": ""}}, {"model": "admin.logentry", "pk": 164, "fields": {"action_time": "2022-03-15T12:57:46.832Z", "user": 1, "content_type": 13, "object_id": "42", "object_repr": "Hridoy", "action_flag": 3, "change_message": ""}}, {"model": "admin.logentry", "pk": 165, "fields": {"action_time": "2022-03-15T12:57:46.922Z", "user": 1, "content_type": 13, "object_id": "41", "object_repr": "Hridoy", "action_flag": 3, "change_message": ""}}, {"model": "admin.logentry", "pk": 166, "fields": {"action_time": "2022-03-15T12:57:47.108Z", "user": 1, "content_type": 13, "object_id": "40", "object_repr": "Hridoy", "action_flag": 3, "change_message": ""}}, {"model": "admin.logentry", "pk": 167, "fields": {"action_time": "2022-03-15T12:57:47.341Z", "user": 1, "content_type": 13, "object_id": "39", "object_repr": "Hridoy", "action_flag": 3, "change_message": ""}}, {"model": "admin.logentry", "pk": 168, "fields": {"action_time": "2022-03-15T12:57:47.574Z", "user": 1, "content_type": 13, "object_id": "38", "object_repr": "Hridoy", "action_flag": 3, "change_message": ""}}, {"model": "admin.logentry", "pk": 169, "fields": {"action_time": "2022-03-15T12:57:47.806Z", "user": 1, "content_type": 13, "object_id": "37", "object_repr": "Hridoy", "action_flag": 3, "change_message": ""}}, {"model": "admin.logentry", "pk": 170, "fields": {"action_time": "2022-03-15T12:57:47.973Z", "user": 1, "content_type": 13, "object_id": "36", "object_repr": "Hridoy", "action_flag": 3, "change_message": ""}}, {"model": "admin.logentry", "pk": 171, "fields": {"action_time": "2022-03-15T12:57:48.207Z", "user": 1, "content_type": 13, "object_id": "35", "object_repr": "Hridoy", "action_flag": 3, "change_message": ""}}, {"model": "admin.logentry", "pk": 172, "fields": {"action_time": "2022-03-15T12:57:48.327Z", "user": 1, "content_type": 13, "object_id": "34", "object_repr": "Hridoy", "action_flag": 3, "change_message": ""}}, {"model": "admin.logentry", "pk": 173, "fields": {"action_time": "2022-03-15T12:57:48.428Z", "user": 1, "content_type": 13, "object_id": "33", "object_repr": "Hridoy", "action_flag": 3, "change_message": ""}}, {"model": "admin.logentry", "pk": 174, "fields": {"action_time": "2022-03-15T12:57:48.525Z", "user": 1, "content_type": 13, "object_id": "32", "object_repr": "Hridoy", "action_flag": 3, "change_message": ""}}, {"model": "admin.logentry", "pk": 175, "fields": {"action_time": "2022-03-15T12:57:48.614Z", "user": 1, "content_type": 13, "object_id": "31", "object_repr": "Hridoy", "action_flag": 3, "change_message": ""}}, {"model": "admin.logentry", "pk": 176, "fields": {"action_time": "2022-03-15T12:57:48.814Z", "user": 1, "content_type": 13, "object_id": "30", "object_repr": "Hridoy", "action_flag": 3, "change_message": ""}}, {"model": "admin.logentry", "pk": 177, "fields": {"action_time": "2022-03-15T12:57:48.936Z", "user": 1, "content_type": 13, "object_id": "29", "object_repr": "Hridoy", "action_flag": 3, "change_message": ""}}, {"model": "admin.logentry", "pk": 178, "fields": {"action_time": "2022-03-15T12:57:49.046Z", "user": 1, "content_type": 13, "object_id": "28", "object_repr": "Hridoy", "action_flag": 3, "change_message": ""}}, {"model": "admin.logentry", "pk": 179, "fields": {"action_time": "2022-03-15T12:57:49.135Z", "user": 1, "content_type": 13, "object_id": "27", "object_repr": "Hridoy", "action_flag": 3, "change_message": ""}}, {"model": "admin.logentry", "pk": 180, "fields": {"action_time": "2022-03-15T12:57:49.223Z", "user": 1, "content_type": 13, "object_id": "26", "object_repr": "Hridoy", "action_flag": 3, "change_message": ""}}, {"model": "admin.logentry", "pk": 181, "fields": {"action_time": "2022-03-15T12:57:49.312Z", "user": 1, "content_type": 13, "object_id": "25", "object_repr": "Hridoy", "action_flag": 3, "change_message": ""}}, {"model": "admin.logentry", "pk": 182, "fields": {"action_time": "2022-03-15T12:57:49.412Z", "user": 1, "content_type": 13, "object_id": "24", "object_repr": "Hridoy", "action_flag": 3, "change_message": ""}}, {"model": "admin.logentry", "pk": 183, "fields": {"action_time": "2022-03-15T12:57:49.500Z", "user": 1, "content_type": 13, "object_id": "23", "object_repr": "Hridoy", "action_flag": 3, "change_message": ""}}, {"model": "admin.logentry", "pk": 184, "fields": {"action_time": "2022-03-15T12:57:49.624Z", "user": 1, "content_type": 13, "object_id": "22", "object_repr": "Hridoy", "action_flag": 3, "change_message": ""}}, {"model": "admin.logentry", "pk": 185, "fields": {"action_time": "2022-03-15T12:57:49.822Z", "user": 1, "content_type": 13, "object_id": "21", "object_repr": "Hridoy", "action_flag": 3, "change_message": ""}}, {"model": "admin.logentry", "pk": 186, "fields": {"action_time": "2022-03-15T12:57:50.056Z", "user": 1, "content_type": 13, "object_id": "20", "object_repr": "Hridoy", "action_flag": 3, "change_message": ""}}, {"model": "admin.logentry", "pk": 187, "fields": {"action_time": "2022-03-15T12:57:50.223Z", "user": 1, "content_type": 13, "object_id": "19", "object_repr": "Hridoy", "action_flag": 3, "change_message": ""}}, {"model": "admin.logentry", "pk": 188, "fields": {"action_time": "2022-03-15T12:57:50.341Z", "user": 1, "content_type": 13, "object_id": "18", "object_repr": "Hridoy", "action_flag": 3, "change_message": ""}}, {"model": "admin.logentry", "pk": 189, "fields": {"action_time": "2022-03-15T12:57:50.442Z", "user": 1, "content_type": 13, "object_id": "17", "object_repr": "Hridoy", "action_flag": 3, "change_message": ""}}, {"model": "admin.logentry", "pk": 190, "fields": {"action_time": "2022-03-15T12:57:50.541Z", "user": 1, "content_type": 13, "object_id": "16", "object_repr": "Hridoy", "action_flag": 3, "change_message": ""}}, {"model": "admin.logentry", "pk": 191, "fields": {"action_time": "2022-03-15T12:57:50.630Z", "user": 1, "content_type": 13, "object_id": "15", "object_repr": "Hridoy", "action_flag": 3, "change_message": ""}}, {"model": "admin.logentry", "pk": 192, "fields": {"action_time": "2022-03-15T12:57:50.772Z", "user": 1, "content_type": 13, "object_id": "14", "object_repr": "Hridoy", "action_flag": 3, "change_message": ""}}, {"model": "admin.logentry", "pk": 193, "fields": {"action_time": "2022-03-15T12:57:50.873Z", "user": 1, "content_type": 13, "object_id": "13", "object_repr": "Hridoy", "action_flag": 3, "change_message": ""}}, {"model": "admin.logentry", "pk": 194, "fields": {"action_time": "2022-03-15T12:57:51.000Z", "user": 1, "content_type": 13, "object_id": "12", "object_repr": "Hridoy", "action_flag": 3, "change_message": ""}}, {"model": "admin.logentry", "pk": 195, "fields": {"action_time": "2022-03-15T12:57:51.169Z", "user": 1, "content_type": 13, "object_id": "11", "object_repr": "Hridoy", "action_flag": 3, "change_message": ""}}, {"model": "admin.logentry", "pk": 196, "fields": {"action_time": "2022-03-15T12:57:51.269Z", "user": 1, "content_type": 13, "object_id": "10", "object_repr": "Hridoy", "action_flag": 3, "change_message": ""}}, {"model": "admin.logentry", "pk": 197, "fields": {"action_time": "2022-03-15T12:57:51.367Z", "user": 1, "content_type": 13, "object_id": "9", "object_repr": "Hridoyqwq", "action_flag": 3, "change_message": ""}}, {"model": "admin.logentry", "pk": 198, "fields": {"action_time": "2022-03-15T12:57:51.460Z", "user": 1, "content_type": 13, "object_id": "8", "object_repr": "Hridoy", "action_flag": 3, "change_message": ""}}, {"model": "admin.logentry", "pk": 199, "fields": {"action_time": "2022-03-15T12:57:51.567Z", "user": 1, "content_type": 13, "object_id": "7", "object_repr": "Hridoy", "action_flag": 3, "change_message": ""}}, {"model": "admin.logentry", "pk": 200, "fields": {"action_time": "2022-03-15T12:57:51.670Z", "user": 1, "content_type": 13, "object_id": "6", "object_repr": "Hridoy Roy", "action_flag": 3, "change_message": ""}}, {"model": "admin.logentry", "pk": 201, "fields": {"action_time": "2022-03-15T12:57:51.835Z", "user": 1, "content_type": 13, "object_id": "5", "object_repr": "Hridoy3", "action_flag": 3, "change_message": ""}}, {"model": "admin.logentry", "pk": 202, "fields": {"action_time": "2022-03-15T12:57:51.945Z", "user": 1, "content_type": 13, "object_id": "4", "object_repr": "Hridoy3", "action_flag": 3, "change_message": ""}}, {"model": "admin.logentry", "pk": 203, "fields": {"action_time": "2022-03-15T12:57:52.037Z", "user": 1, "content_type": 13, "object_id": "3", "object_repr": "Hridoy2", "action_flag": 3, "change_message": ""}}, {"model": "admin.logentry", "pk": 204, "fields": {"action_time": "2022-03-15T12:57:52.145Z", "user": 1, "content_type": 13, "object_id": "2", "object_repr": "Hridoy", "action_flag": 3, "change_message": ""}}, {"model": "admin.logentry", "pk": 205, "fields": {"action_time": "2022-03-15T12:57:52.255Z", "user": 1, "content_type": 13, "object_id": "1", "object_repr": "Hridoy", "action_flag": 3, "change_message": ""}}, {"model": "admin.logentry", "pk": 206, "fields": {"action_time": "2022-03-15T12:57:52.783Z", "user": 1, "content_type": 13, "object_id": "78", "object_repr": "Hridoy11", "action_flag": 3, "change_message": ""}}, {"model": "admin.logentry", "pk": 207, "fields": {"action_time": "2022-03-15T12:57:53.024Z", "user": 1, "content_type": 13, "object_id": "77", "object_repr": "Hridoy11", "action_flag": 3, "change_message": ""}}, {"model": "admin.logentry", "pk": 208, "fields": {"action_time": "2022-03-15T12:57:53.217Z", "user": 1, "content_type": 13, "object_id": "76", "object_repr": "Hridoy11", "action_flag": 3, "change_message": ""}}, {"model": "admin.logentry", "pk": 209, "fields": {"action_time": "2022-03-15T12:57:53.417Z", "user": 1, "content_type": 13, "object_id": "75", "object_repr": "Hridoy11", "action_flag": 3, "change_message": ""}}, {"model": "admin.logentry", "pk": 210, "fields": {"action_time": "2022-03-15T12:57:53.617Z", "user": 1, "content_type": 13, "object_id": "74", "object_repr": "Hridoy11", "action_flag": 3, "change_message": ""}}, {"model": "admin.logentry", "pk": 211, "fields": {"action_time": "2022-03-15T12:57:53.826Z", "user": 1, "content_type": 13, "object_id": "73", "object_repr": "Hridoy11", "action_flag": 3, "change_message": ""}}, {"model": "admin.logentry", "pk": 212, "fields": {"action_time": "2022-03-15T12:57:54.035Z", "user": 1, "content_type": 13, "object_id": "72", "object_repr": "Hridoy11", "action_flag": 3, "change_message": ""}}, {"model": "admin.logentry", "pk": 213, "fields": {"action_time": "2022-03-15T12:57:54.468Z", "user": 1, "content_type": 13, "object_id": "71", "object_repr": "Hridoy11", "action_flag": 3, "change_message": ""}}, {"model": "admin.logentry", "pk": 214, "fields": {"action_time": "2022-03-15T12:57:54.624Z", "user": 1, "content_type": 13, "object_id": "70", "object_repr": "Hridoy11", "action_flag": 3, "change_message": ""}}, {"model": "admin.logentry", "pk": 215, "fields": {"action_time": "2022-03-15T12:57:54.849Z", "user": 1, "content_type": 13, "object_id": "69", "object_repr": "Hridoy11", "action_flag": 3, "change_message": ""}}, {"model": "admin.logentry", "pk": 216, "fields": {"action_time": "2022-03-15T12:57:55.144Z", "user": 1, "content_type": 13, "object_id": "68", "object_repr": "Hridoy11", "action_flag": 3, "change_message": ""}}, {"model": "admin.logentry", "pk": 217, "fields": {"action_time": "2022-03-15T12:57:55.462Z", "user": 1, "content_type": 13, "object_id": "67", "object_repr": "Hridoy11", "action_flag": 3, "change_message": ""}}, {"model": "admin.logentry", "pk": 218, "fields": {"action_time": "2022-03-15T12:57:55.656Z", "user": 1, "content_type": 13, "object_id": "66", "object_repr": "Hridoy11", "action_flag": 3, "change_message": ""}}, {"model": "admin.logentry", "pk": 219, "fields": {"action_time": "2022-03-15T12:57:56.040Z", "user": 1, "content_type": 13, "object_id": "65", "object_repr": "Hridoy3", "action_flag": 3, "change_message": ""}}, {"model": "admin.logentry", "pk": 220, "fields": {"action_time": "2022-03-15T12:57:56.338Z", "user": 1, "content_type": 13, "object_id": "64", "object_repr": "Hridoy3", "action_flag": 3, "change_message": ""}}, {"model": "admin.logentry", "pk": 221, "fields": {"action_time": "2022-03-15T12:57:56.476Z", "user": 1, "content_type": 13, "object_id": "63", "object_repr": "Hridoy3", "action_flag": 3, "change_message": ""}}, {"model": "admin.logentry", "pk": 222, "fields": {"action_time": "2022-03-15T12:57:56.582Z", "user": 1, "content_type": 13, "object_id": "62", "object_repr": "Hridoy22", "action_flag": 3, "change_message": ""}}, {"model": "admin.logentry", "pk": 223, "fields": {"action_time": "2022-03-15T12:57:56.685Z", "user": 1, "content_type": 13, "object_id": "61", "object_repr": "Hridoy22", "action_flag": 3, "change_message": ""}}, {"model": "admin.logentry", "pk": 224, "fields": {"action_time": "2022-03-15T12:57:56.814Z", "user": 1, "content_type": 13, "object_id": "60", "object_repr": "Hridoy2", "action_flag": 3, "change_message": ""}}, {"model": "admin.logentry", "pk": 225, "fields": {"action_time": "2022-03-15T12:57:56.918Z", "user": 1, "content_type": 13, "object_id": "59", "object_repr": "Hridoy", "action_flag": 3, "change_message": ""}}, {"model": "admin.logentry", "pk": 226, "fields": {"action_time": "2022-03-15T12:57:57.024Z", "user": 1, "content_type": 13, "object_id": "58", "object_repr": "Hridoy", "action_flag": 3, "change_message": ""}}, {"model": "admin.logentry", "pk": 227, "fields": {"action_time": "2022-03-15T12:57:57.126Z", "user": 1, "content_type": 13, "object_id": "57", "object_repr": "Hridoy", "action_flag": 3, "change_message": ""}}, {"model": "admin.logentry", "pk": 228, "fields": {"action_time": "2022-03-15T12:57:57.225Z", "user": 1, "content_type": 13, "object_id": "56", "object_repr": "Hridoy", "action_flag": 3, "change_message": ""}}, {"model": "admin.logentry", "pk": 229, "fields": {"action_time": "2022-03-15T12:57:57.326Z", "user": 1, "content_type": 13, "object_id": "55", "object_repr": "Hridoy", "action_flag": 3, "change_message": ""}}, {"model": "admin.logentry", "pk": 230, "fields": {"action_time": "2022-03-15T12:57:57.426Z", "user": 1, "content_type": 13, "object_id": "54", "object_repr": "Hridoy", "action_flag": 3, "change_message": ""}}, {"model": "admin.logentry", "pk": 231, "fields": {"action_time": "2022-03-15T12:57:57.526Z", "user": 1, "content_type": 13, "object_id": "53", "object_repr": "Hridoy", "action_flag": 3, "change_message": ""}}, {"model": "admin.logentry", "pk": 232, "fields": {"action_time": "2022-03-15T12:57:57.622Z", "user": 1, "content_type": 13, "object_id": "52", "object_repr": "Hridoy", "action_flag": 3, "change_message": ""}}, {"model": "admin.logentry", "pk": 233, "fields": {"action_time": "2022-03-15T12:57:57.726Z", "user": 1, "content_type": 13, "object_id": "51", "object_repr": "Hridoy", "action_flag": 3, "change_message": ""}}, {"model": "admin.logentry", "pk": 234, "fields": {"action_time": "2022-03-15T12:57:57.834Z", "user": 1, "content_type": 13, "object_id": "50", "object_repr": "Hridoy", "action_flag": 3, "change_message": ""}}, {"model": "admin.logentry", "pk": 235, "fields": {"action_time": "2022-03-15T12:57:57.937Z", "user": 1, "content_type": 13, "object_id": "49", "object_repr": "Hridoy", "action_flag": 3, "change_message": ""}}, {"model": "admin.logentry", "pk": 236, "fields": {"action_time": "2022-03-15T12:57:58.084Z", "user": 1, "content_type": 13, "object_id": "48", "object_repr": "Hridoy", "action_flag": 3, "change_message": ""}}, {"model": "admin.logentry", "pk": 237, "fields": {"action_time": "2022-03-15T12:57:58.179Z", "user": 1, "content_type": 13, "object_id": "47", "object_repr": "Hridoy", "action_flag": 3, "change_message": ""}}, {"model": "admin.logentry", "pk": 238, "fields": {"action_time": "2022-03-15T12:57:58.275Z", "user": 1, "content_type": 13, "object_id": "46", "object_repr": "Hridoy", "action_flag": 3, "change_message": ""}}, {"model": "admin.logentry", "pk": 239, "fields": {"action_time": "2022-03-15T12:57:58.367Z", "user": 1, "content_type": 13, "object_id": "45", "object_repr": "Hridoy", "action_flag": 3, "change_message": ""}}, {"model": "admin.logentry", "pk": 240, "fields": {"action_time": "2022-03-15T12:57:58.466Z", "user": 1, "content_type": 13, "object_id": "44", "object_repr": "Hridoy", "action_flag": 3, "change_message": ""}}, {"model": "admin.logentry", "pk": 241, "fields": {"action_time": "2022-03-15T12:57:58.577Z", "user": 1, "content_type": 13, "object_id": "43", "object_repr": "Hridoy", "action_flag": 3, "change_message": ""}}, {"model": "admin.logentry", "pk": 242, "fields": {"action_time": "2022-03-15T12:57:58.675Z", "user": 1, "content_type": 13, "object_id": "42", "object_repr": "Hridoy", "action_flag": 3, "change_message": ""}}, {"model": "admin.logentry", "pk": 243, "fields": {"action_time": "2022-03-15T12:57:58.766Z", "user": 1, "content_type": 13, "object_id": "41", "object_repr": "Hridoy", "action_flag": 3, "change_message": ""}}, {"model": "admin.logentry", "pk": 244, "fields": {"action_time": "2022-03-15T12:57:58.863Z", "user": 1, "content_type": 13, "object_id": "40", "object_repr": "Hridoy", "action_flag": 3, "change_message": ""}}, {"model": "admin.logentry", "pk": 245, "fields": {"action_time": "2022-03-15T12:57:58.953Z", "user": 1, "content_type": 13, "object_id": "39", "object_repr": "Hridoy", "action_flag": 3, "change_message": ""}}, {"model": "admin.logentry", "pk": 246, "fields": {"action_time": "2022-03-15T12:57:59.060Z", "user": 1, "content_type": 13, "object_id": "38", "object_repr": "Hridoy", "action_flag": 3, "change_message": ""}}, {"model": "admin.logentry", "pk": 247, "fields": {"action_time": "2022-03-15T12:57:59.208Z", "user": 1, "content_type": 13, "object_id": "37", "object_repr": "Hridoy", "action_flag": 3, "change_message": ""}}, {"model": "admin.logentry", "pk": 248, "fields": {"action_time": "2022-03-15T12:57:59.319Z", "user": 1, "content_type": 13, "object_id": "36", "object_repr": "Hridoy", "action_flag": 3, "change_message": ""}}, {"model": "admin.logentry", "pk": 249, "fields": {"action_time": "2022-03-15T12:57:59.419Z", "user": 1, "content_type": 13, "object_id": "35", "object_repr": "Hridoy", "action_flag": 3, "change_message": ""}}, {"model": "admin.logentry", "pk": 250, "fields": {"action_time": "2022-03-15T12:57:59.518Z", "user": 1, "content_type": 13, "object_id": "34", "object_repr": "Hridoy", "action_flag": 3, "change_message": ""}}, {"model": "admin.logentry", "pk": 251, "fields": {"action_time": "2022-03-15T12:57:59.616Z", "user": 1, "content_type": 13, "object_id": "33", "object_repr": "Hridoy", "action_flag": 3, "change_message": ""}}, {"model": "admin.logentry", "pk": 252, "fields": {"action_time": "2022-03-15T12:57:59.729Z", "user": 1, "content_type": 13, "object_id": "32", "object_repr": "Hridoy", "action_flag": 3, "change_message": ""}}, {"model": "admin.logentry", "pk": 253, "fields": {"action_time": "2022-03-15T12:57:59.838Z", "user": 1, "content_type": 13, "object_id": "31", "object_repr": "Hridoy", "action_flag": 3, "change_message": ""}}, {"model": "admin.logentry", "pk": 254, "fields": {"action_time": "2022-03-15T12:57:59.971Z", "user": 1, "content_type": 13, "object_id": "30", "object_repr": "Hridoy", "action_flag": 3, "change_message": ""}}, {"model": "admin.logentry", "pk": 255, "fields": {"action_time": "2022-03-15T12:58:00.115Z", "user": 1, "content_type": 13, "object_id": "29", "object_repr": "Hridoy", "action_flag": 3, "change_message": ""}}, {"model": "admin.logentry", "pk": 256, "fields": {"action_time": "2022-03-15T12:58:00.239Z", "user": 1, "content_type": 13, "object_id": "28", "object_repr": "Hridoy", "action_flag": 3, "change_message": ""}}, {"model": "admin.logentry", "pk": 257, "fields": {"action_time": "2022-03-15T12:58:00.348Z", "user": 1, "content_type": 13, "object_id": "27", "object_repr": "Hridoy", "action_flag": 3, "change_message": ""}}, {"model": "admin.logentry", "pk": 258, "fields": {"action_time": "2022-03-15T12:58:00.456Z", "user": 1, "content_type": 13, "object_id": "26", "object_repr": "Hridoy", "action_flag": 3, "change_message": ""}}, {"model": "admin.logentry", "pk": 259, "fields": {"action_time": "2022-03-15T12:58:00.558Z", "user": 1, "content_type": 13, "object_id": "25", "object_repr": "Hridoy", "action_flag": 3, "change_message": ""}}, {"model": "admin.logentry", "pk": 260, "fields": {"action_time": "2022-03-15T12:58:00.657Z", "user": 1, "content_type": 13, "object_id": "24", "object_repr": "Hridoy", "action_flag": 3, "change_message": ""}}, {"model": "admin.logentry", "pk": 261, "fields": {"action_time": "2022-03-15T12:58:00.757Z", "user": 1, "content_type": 13, "object_id": "23", "object_repr": "Hridoy", "action_flag": 3, "change_message": ""}}, {"model": "admin.logentry", "pk": 262, "fields": {"action_time": "2022-03-15T12:58:00.856Z", "user": 1, "content_type": 13, "object_id": "22", "object_repr": "Hridoy", "action_flag": 3, "change_message": ""}}, {"model": "admin.logentry", "pk": 263, "fields": {"action_time": "2022-03-15T12:58:00.947Z", "user": 1, "content_type": 13, "object_id": "21", "object_repr": "Hridoy", "action_flag": 3, "change_message": ""}}, {"model": "admin.logentry", "pk": 264, "fields": {"action_time": "2022-03-15T12:58:01.054Z", "user": 1, "content_type": 13, "object_id": "20", "object_repr": "Hridoy", "action_flag": 3, "change_message": ""}}, {"model": "admin.logentry", "pk": 265, "fields": {"action_time": "2022-03-15T12:58:01.167Z", "user": 1, "content_type": 13, "object_id": "19", "object_repr": "Hridoy", "action_flag": 3, "change_message": ""}}, {"model": "admin.logentry", "pk": 266, "fields": {"action_time": "2022-03-15T12:58:01.276Z", "user": 1, "content_type": 13, "object_id": "18", "object_repr": "Hridoy", "action_flag": 3, "change_message": ""}}, {"model": "admin.logentry", "pk": 267, "fields": {"action_time": "2022-03-15T12:58:01.378Z", "user": 1, "content_type": 13, "object_id": "17", "object_repr": "Hridoy", "action_flag": 3, "change_message": ""}}, {"model": "admin.logentry", "pk": 268, "fields": {"action_time": "2022-03-15T12:58:01.476Z", "user": 1, "content_type": 13, "object_id": "16", "object_repr": "Hridoy", "action_flag": 3, "change_message": ""}}, {"model": "admin.logentry", "pk": 269, "fields": {"action_time": "2022-03-15T12:58:01.575Z", "user": 1, "content_type": 13, "object_id": "15", "object_repr": "Hridoy", "action_flag": 3, "change_message": ""}}, {"model": "admin.logentry", "pk": 270, "fields": {"action_time": "2022-03-15T12:58:01.711Z", "user": 1, "content_type": 13, "object_id": "14", "object_repr": "Hridoy", "action_flag": 3, "change_message": ""}}, {"model": "admin.logentry", "pk": 271, "fields": {"action_time": "2022-03-15T12:58:01.922Z", "user": 1, "content_type": 13, "object_id": "13", "object_repr": "Hridoy", "action_flag": 3, "change_message": ""}}, {"model": "admin.logentry", "pk": 272, "fields": {"action_time": "2022-03-15T12:58:02.086Z", "user": 1, "content_type": 13, "object_id": "12", "object_repr": "Hridoy", "action_flag": 3, "change_message": ""}}, {"model": "admin.logentry", "pk": 273, "fields": {"action_time": "2022-03-15T12:58:02.252Z", "user": 1, "content_type": 13, "object_id": "11", "object_repr": "Hridoy", "action_flag": 3, "change_message": ""}}, {"model": "admin.logentry", "pk": 274, "fields": {"action_time": "2022-03-15T12:58:02.337Z", "user": 1, "content_type": 13, "object_id": "10", "object_repr": "Hridoy", "action_flag": 3, "change_message": ""}}, {"model": "admin.logentry", "pk": 275, "fields": {"action_time": "2022-03-15T12:58:02.440Z", "user": 1, "content_type": 13, "object_id": "9", "object_repr": "Hridoyqwq", "action_flag": 3, "change_message": ""}}, {"model": "admin.logentry", "pk": 276, "fields": {"action_time": "2022-03-15T12:58:02.538Z", "user": 1, "content_type": 13, "object_id": "8", "object_repr": "Hridoy", "action_flag": 3, "change_message": ""}}, {"model": "admin.logentry", "pk": 277, "fields": {"action_time": "2022-03-15T12:58:02.617Z", "user": 1, "content_type": 13, "object_id": "7", "object_repr": "Hridoy", "action_flag": 3, "change_message": ""}}, {"model": "admin.logentry", "pk": 278, "fields": {"action_time": "2022-03-15T12:58:02.704Z", "user": 1, "content_type": 13, "object_id": "6", "object_repr": "Hridoy Roy", "action_flag": 3, "change_message": ""}}, {"model": "admin.logentry", "pk": 279, "fields": {"action_time": "2022-03-15T12:58:02.804Z", "user": 1, "content_type": 13, "object_id": "5", "object_repr": "Hridoy3", "action_flag": 3, "change_message": ""}}, {"model": "admin.logentry", "pk": 280, "fields": {"action_time": "2022-03-15T12:58:02.928Z", "user": 1, "content_type": 13, "object_id": "4", "object_repr": "Hridoy3", "action_flag": 3, "change_message": ""}}, {"model": "admin.logentry", "pk": 281, "fields": {"action_time": "2022-03-15T12:58:03.039Z", "user": 1, "content_type": 13, "object_id": "3", "object_repr": "Hridoy2", "action_flag": 3, "change_message": ""}}, {"model": "admin.logentry", "pk": 282, "fields": {"action_time": "2022-03-15T12:58:03.148Z", "user": 1, "content_type": 13, "object_id": "2", "object_repr": "Hridoy", "action_flag": 3, "change_message": ""}}, {"model": "admin.logentry", "pk": 283, "fields": {"action_time": "2022-03-15T12:58:03.237Z", "user": 1, "content_type": 13, "object_id": "1", "object_repr": "Hridoy", "action_flag": 3, "change_message": ""}}, {"model": "admin.logentry", "pk": 284, "fields": {"action_time": "2022-03-15T15:48:55.714Z", "user": 1, "content_type": 7, "object_id": "36", "object_repr": "shailen257roy@gmail.com", "action_flag": 3, "change_message": ""}}, {"model": "admin.logentry", "pk": 285, "fields": {"action_time": "2022-03-15T16:10:10.132Z", "user": 1, "content_type": 7, "object_id": "40", "object_repr": "hridoyw464@gmail.com", "action_flag": 3, "change_message": ""}}, {"model": "admin.logentry", "pk": 286, "fields": {"action_time": "2022-03-15T16:10:10.297Z", "user": 1, "content_type": 7, "object_id": "39", "object_repr": "john@gmail.com", "action_flag": 3, "change_message": ""}}, {"model": "admin.logentry", "pk": 287, "fields": {"action_time": "2022-03-15T16:10:10.394Z", "user": 1, "content_type": 7, "object_id": "38", "object_repr": "shailen2roy@gmail.com", "action_flag": 3, "change_message": ""}}, {"model": "admin.logentry", "pk": 288, "fields": {"action_time": "2022-03-15T16:10:10.486Z", "user": 1, "content_type": 7, "object_id": "37", "object_repr": "shailen257roy@gmail.com", "action_flag": 3, "change_message": ""}}, {"model": "auth.permission", "pk": 1, "fields": {"name": "Can add log entry", "content_type": 1, "codename": "add_logentry"}}, {"model": "auth.permission", "pk": 2, "fields": {"name": "Can change log entry", "content_type": 1, "codename": "change_logentry"}}, {"model": "auth.permission", "pk": 3, "fields": {"name": "Can delete log entry", "content_type": 1, "codename": "delete_logentry"}}, {"model": "auth.permission", "pk": 4, "fields": {"name": "Can view log entry", "content_type": 1, "codename": "view_logentry"}}, {"model": "auth.permission", "pk": 5, "fields": {"name": "Can add permission", "content_type": 2, "codename": "add_permission"}}, {"model": "auth.permission", "pk": 6, "fields": {"name": "Can change permission", "content_type": 2, "codename": "change_permission"}}, {"model": "auth.permission", "pk": 7, "fields": {"name": "Can delete permission", "content_type": 2, "codename": "delete_permission"}}, {"model": "auth.permission", "pk": 8, "fields": {"name": "Can view permission", "content_type": 2, "codename": "view_permission"}}, {"model": "auth.permission", "pk": 9, "fields": {"name": "Can add group", "content_type": 3, "codename": "add_group"}}, {"model": "auth.permission", "pk": 10, "fields": {"name": "Can change group", "content_type": 3, "codename": "change_group"}}, {"model": "auth.permission", "pk": 11, "fields": {"name": "Can delete group", "content_type": 3, "codename": "delete_group"}}, {"model": "auth.permission", "pk": 12, "fields": {"name": "Can view group", "content_type": 3, "codename": "view_group"}}, {"model": "auth.permission", "pk": 13, "fields": {"name": "Can add content type", "content_type": 4, "codename": "add_contenttype"}}, {"model": "auth.permission", "pk": 14, "fields": {"name": "Can change content type", "content_type": 4, "codename": "change_contenttype"}}, {"model": "auth.permission", "pk": 15, "fields": {"name": "Can delete content type", "content_type": 4, "codename": "delete_contenttype"}}, {"model": "auth.permission", "pk": 16, "fields": {"name": "Can view content type", "content_type": 4, "codename": "view_contenttype"}}, {"model": "auth.permission", "pk": 17, "fields": {"name": "Can add session", "content_type": 5, "codename": "add_session"}}, {"model": "auth.permission", "pk": 18, "fields": {"name": "Can change session", "content_type": 5, "codename": "change_session"}}, {"model": "auth.permission", "pk": 19, "fields": {"name": "Can delete session", "content_type": 5, "codename": "delete_session"}}, {"model": "auth.permission", "pk": 20, "fields": {"name": "Can view session", "content_type": 5, "codename": "view_session"}}, {"model": "auth.permission", "pk": 21, "fields": {"name": "Can add category", "content_type": 6, "codename": "add_category"}}, {"model": "auth.permission", "pk": 22, "fields": {"name": "Can change category", "content_type": 6, "codename": "change_category"}}, {"model": "auth.permission", "pk": 23, "fields": {"name": "Can delete category", "content_type": 6, "codename": "delete_category"}}, {"model": "auth.permission", "pk": 24, "fields": {"name": "Can view category", "content_type": 6, "codename": "view_category"}}, {"model": "auth.permission", "pk": 25, "fields": {"name": "Can add account", "content_type": 7, "codename": "add_account"}}, {"model": "auth.permission", "pk": 26, "fields": {"name": "Can change account", "content_type": 7, "codename": "change_account"}}, {"model": "auth.permission", "pk": 27, "fields": {"name": "Can delete account", "content_type": 7, "codename": "delete_account"}}, {"model": "auth.permission", "pk": 28, "fields": {"name": "Can view account", "content_type": 7, "codename": "view_account"}}, {"model": "auth.permission", "pk": 29, "fields": {"name": "Can add product", "content_type": 8, "codename": "add_product"}}, {"model": "auth.permission", "pk": 30, "fields": {"name": "Can change product", "content_type": 8, "codename": "change_product"}}, {"model": "auth.permission", "pk": 31, "fields": {"name": "Can delete product", "content_type": 8, "codename": "delete_product"}}, {"model": "auth.permission", "pk": 32, "fields": {"name": "Can view product", "content_type": 8, "codename": "view_product"}}, {"model": "auth.permission", "pk": 33, "fields": {"name": "Can add product", "content_type": 9, "codename": "add_product"}}, {"model": "auth.permission", "pk": 34, "fields": {"name": "Can change product", "content_type": 9, "codename": "change_product"}}, {"model": "auth.permission", "pk": 35, "fields": {"name": "Can delete product", "content_type": 9, "codename": "delete_product"}}, {"model": "auth.permission", "pk": 36, "fields": {"name": "Can view product", "content_type": 9, "codename": "view_product"}}, {"model": "auth.permission", "pk": 37, "fields": {"name": "Can add cart item", "content_type": 10, "codename": "add_cartitem"}}, {"model": "auth.permission", "pk": 38, "fields": {"name": "Can change cart item", "content_type": 10, "codename": "change_cartitem"}}, {"model": "auth.permission", "pk": 39, "fields": {"name": "Can delete cart item", "content_type": 10, "codename": "delete_cartitem"}}, {"model": "auth.permission", "pk": 40, "fields": {"name": "Can view cart item", "content_type": 10, "codename": "view_cartitem"}}, {"model": "auth.permission", "pk": 41, "fields": {"name": "Can add cart", "content_type": 11, "codename": "add_cart"}}, {"model": "auth.permission", "pk": 42, "fields": {"name": "Can change cart", "content_type": 11, "codename": "change_cart"}}, {"model": "auth.permission", "pk": 43, "fields": {"name": "Can delete cart", "content_type": 11, "codename": "delete_cart"}}, {"model": "auth.permission", "pk": 44, "fields": {"name": "Can view cart", "content_type": 11, "codename": "view_cart"}}, {"model": "auth.permission", "pk": 45, "fields": {"name": "Can add variation", "content_type": 12, "codename": "add_variation"}}, {"model": "auth.permission", "pk": 46, "fields": {"name": "Can change variation", "content_type": 12, "codename": "change_variation"}}, {"model": "auth.permission", "pk": 47, "fields": {"name": "Can delete variation", "content_type": 12, "codename": "delete_variation"}}, {"model": "auth.permission", "pk": 48, "fields": {"name": "Can view variation", "content_type": 12, "codename": "view_variation"}}, {"model": "auth.permission", "pk": 49, "fields": {"name": "Can add order", "content_type": 13, "codename": "add_order"}}, {"model": "auth.permission", "pk": 50, "fields": {"name": "Can change order", "content_type": 13, "codename": "change_order"}}, {"model": "auth.permission", "pk": 51, "fields": {"name": "Can delete order", "content_type": 13, "codename": "delete_order"}}, {"model": "auth.permission", "pk": 52, "fields": {"name": "Can view order", "content_type": 13, "codename": "view_order"}}, {"model": "auth.permission", "pk": 53, "fields": {"name": "Can add payment", "content_type": 14, "codename": "add_payment"}}, {"model": "auth.permission", "pk": 54, "fields": {"name": "Can change payment", "content_type": 14, "codename": "change_payment"}}, {"model": "auth.permission", "pk": 55, "fields": {"name": "Can delete payment", "content_type": 14, "codename": "delete_payment"}}, {"model": "auth.permission", "pk": 56, "fields": {"name": "Can view payment", "content_type": 14, "codename": "view_payment"}}, {"model": "auth.permission", "pk": 57, "fields": {"name": "Can add order product", "content_type": 15, "codename": "add_orderproduct"}}, {"model": "auth.permission", "pk": 58, "fields": {"name": "Can change order product", "content_type": 15, "codename": "change_orderproduct"}}, {"model": "auth.permission", "pk": 59, "fields": {"name": "Can delete order product", "content_type": 15, "codename": "delete_orderproduct"}}, {"model": "auth.permission", "pk": 60, "fields": {"name": "Can view order product", "content_type": 15, "codename": "view_orderproduct"}}, {"model": "contenttypes.contenttype", "pk": 1, "fields": {"app_label": "admin", "model": "logentry"}}, {"model": "contenttypes.contenttype", "pk": 2, "fields": {"app_label": "auth", "model": "permission"}}, {"model": "contenttypes.contenttype", "pk": 3, "fields": {"app_label": "auth", "model": "group"}}, {"model": "contenttypes.contenttype", "pk": 4, "fields": {"app_label": "contenttypes", "model": "contenttype"}}, {"model": "contenttypes.contenttype", "pk": 5, "fields": {"app_label": "sessions", "model": "session"}}, {"model": "contenttypes.contenttype", "pk": 6, "fields": {"app_label": "category", "model": "category"}}, {"model": "contenttypes.contenttype", "pk": 7, "fields": {"app_label": "accounts", "model": "account"}}, {"model": "contenttypes.contenttype", "pk": 8, "fields": {"app_label": "store", "model": "product"}}, {"model": "contenttypes.contenttype", "pk": 9, "fields": {"app_label": "mystore", "model": "product"}}, {"model": "contenttypes.contenttype", "pk": 10, "fields": {"app_label": "carts", "model": "cartitem"}}, {"model": "contenttypes.contenttype", "pk": 11, "fields": {"app_label": "carts", "model": "cart"}}, {"model": "contenttypes.contenttype", "pk": 12, "fields": {"app_label": "mystore", "model": "variation"}}, {"model": "contenttypes.contenttype", "pk": 13, "fields": {"app_label": "orders", "model": "order"}}, {"model": "contenttypes.contenttype", "pk": 14, "fields": {"app_label": "orders", "model": "payment"}}, {"model": "contenttypes.contenttype", "pk": 15, "fields": {"app_label": "orders", "model": "orderproduct"}}, {"model": "sessions.session", "pk": "5japhewvbz3rmby50zeng8utht66vdur", "fields": {"session_data": ".eJxVjMsKwjAURP8lawl5XoNL935DuI_UVCWFpl2J_24LXSjMas6ZeauM61Lz2sucR1EXZdXptyPkZ2k7kAe2-6R5ass8kt4VfdCub5OU1_Vw_w4q9rqtAyRfHA-JnbXE1gCj3xIFDAyxRE5n8SQgSJxccMUjUXQRDCYMVn2-78o4Qg:1nU6jN:mbvsfXb7PNV_-ffhK-8AesB5GOlJHHBuQ2fA0Axi2ao", "expire_date": "2022-03-29T12:56:53.609Z"}}, {"model": "sessions.session", "pk": "9q2t9drch0qhdk9q2dv4hztdgpzs0hvn", "fields": {"session_data": "e30:1nHqE5:9JcuqHHqRzF0HQX2eCLrUzIYNi1friMXKWyfJcjc45I", "expire_date": "2022-02-23T16:53:53.572Z"}}, {"model": "sessions.session", "pk": "bdj8fpdrhncbygmeqhys2vjjw8g1i9io", "fields": {"session_data": ".eJxVjMsKwjAURP8lawl5XoNL935DuI_UVCWFpl2J_24LXSjMas6ZeauM61Lz2sucR1EXZdXptyPkZ2k7kAe2-6R5ass8kt4VfdCub5OU1_Vw_w4q9rqtAyRfHA-JnbXE1gCj3xIFDAyxRE5n8SQgSJxccMUjUXQRDCYMVn2-78o4Qg:1nYVXR:VPbkZBU3TZqkyIbtxxOZej2VaEOFxKa9jGjfUGG0te8", "expire_date": "2022-04-10T16:14:45.369Z"}}, {"model": "sessions.session", "pk": "be3xwti5i5qcuum4gne6go0hres0983n", "fields": {"session_data": ".eJxVjMsKwjAURP8lawl5XoNL935DuI_UVCWFpl2J_24LXSjMas6ZeauM61Lz2sucR1EXZdXptyPkZ2k7kAe2-6R5ass8kt4VfdCub5OU1_Vw_w4q9rqtAyRfHA-JnbXE1gCj3xIFDAyxRE5n8SQgSJxccMUjUXQRDCYMVn2-78o4Qg:1nTeao:a2_Af8BiRxZ5-WHCFPBw1tFgcmxBbCtqd1-geBmylF4", "expire_date": "2022-03-28T06:54:10.298Z"}}, {"model": "sessions.session", "pk": "dxnwp9f8ntz7ogpueezmuprh2oibib4m", "fields": {"session_data": ".eJxVjMsKwjAURP8lawl5XoNL935DuI_UVCWFpl2J_24LXSjMas6ZeauM61Lz2sucR1EXZdXptyPkZ2k7kAe2-6R5ass8kt4VfdCub5OU1_Vw_w4q9rqtAyRfHA-JnbXE1gCj3xIFDAyxRE5n8SQgSJxccMUjUXQRDCYMVn2-78o4Qg:1nHr6k:5_n8D7ddWa9_FcXuM8-AcQQ2-4a-gCvU5XrD4Wj_6vo", "expire_date": "2022-02-23T17:50:22.062Z"}}, {"model": "sessions.session", "pk": "f1663dpq5p9d1z0z9dhhldva8yccduh3", "fields": {"session_data": ".eJxVjMsKwjAURP8lawl5XoNL935DuI_UVCWFpl2J_24LXSjMas6ZeauM61Lz2sucR1EXZdXptyPkZ2k7kAe2-6R5ass8kt4VfdCub5OU1_Vw_w4q9rqtAyRfHA-JnbXE1gCj3xIFDAyxRE5n8SQgSJxccMUjUXQRDCYMVn2-78o4Qg:1nTTHY:ufuiS0TgwqxI0-hqeY5VQ3WhDW-GcyihUGu7nJ6djh4", "expire_date": "2022-03-27T18:49:32.869Z"}}, {"model": "sessions.session", "pk": "fr366r5y6zw4lncblzuz8h4dfa66s8rf", "fields": {"session_data": ".eJxVjMsKwjAURP8lawl5XoNL935DuI_UVCWFpl2J_24LXSjMas6ZeauM61Lz2sucR1EXZdXptyPkZ2k7kAe2-6R5ass8kt4VfdCub5OU1_Vw_w4q9rqtAyRfHA-JnbXE1gCj3xIFDAyxRE5n8SQgSJxccMUjUXQRDCYMVn2-78o4Qg:1n0Sh9:_XTaMzwWSqrg5do-x1ACUNuvrPUmST1r4YpRGomAK7I", "expire_date": "2022-01-06T18:20:03.459Z"}}, {"model": "sessions.session", "pk": "lkk4ahrk07emif6cfyz50klykcdx5zox", "fields": {"session_data": "e30:1nRhKv:7mu9A113TDJj74z3qo6WFoJjPPg3pJ1c3nIEvxbRpRk", "expire_date": "2022-03-22T21:25:41.956Z"}}, {"model": "sessions.session", "pk": "ppr4x74ma6o5gbi9ezlxpyjr8u5w05fe", "fields": {"session_data": "e30:1n4Hbv:hJ7rqAVzj2n-4Uq727N7J8snbvVMDvTKRtMhZvwBC24", "expire_date": "2022-01-17T07:18:27.789Z"}}, {"model": "sessions.session", "pk": "rwq4sa0ibmvmnkj7fh8gjomivv6wbioo", "fields": {"session_data": ".eJxVjMsKwjAURP8lawl5XoNL935DuI_UVCWFpl2J_24LXSjMas6ZeauM61Lz2sucR1EXZdXptyPkZ2k7kAe2-6R5ass8kt4VfdCub5OU1_Vw_w4q9rqtAyRfHA-JnbXE1gCj3xIFDAyxRE5n8SQgSJxccMUjUXQRDCYMVn2-78o4Qg:1nTeao:a2_Af8BiRxZ5-WHCFPBw1tFgcmxBbCtqd1-geBmylF4", "expire_date": "2022-03-28T06:54:10.145Z"}}, {"model": "sessions.session", "pk": "sjw85v7tuoi5glawli29tzx363fep4p4", "fields": {"session_data": ".eJxVjDsOwjAQRO_iGln-fyjpOYPl3XVwADlSnFSIu4OlFFDOvDfzYinvW017L2uaiZ2Ztuz0W0LGR2mD0D2328Jxads6Ax8KP2jn14XK83K4fwc19zrWPk4ixiA0GhvAkRPFFTQy-GLRkQ0IAaQBpZSWOSoQE2kjKGT6Rs_eH_2fN94:1nYVU8:x4lfD-5iElqD_9twnU7BfKKKGTtoMFS_2HQMFdK7u3I", "expire_date": "2022-04-10T16:11:20.802Z"}}, {"model": "sessions.session", "pk": "thbj84i399sisxm54o0vm07s49kf8lrv", "fields": {"session_data": ".eJxVjMsKwjAURP8lawl5XoNL935DuI_UVCWFpl2J_24LXSjMas6ZeauM61Lz2sucR1EXZdXptyPkZ2k7kAe2-6R5ass8kt4VfdCub5OU1_Vw_w4q9rqtAyRfHA-JnbXE1gCj3xIFDAyxRE5n8SQgSJxccMUjUXQRDCYMVn2-78o4Qg:1nRwmF:ukayipx8klNGg_XsiuWlhBdxsLCW-JUazHbHtu6fBVs", "expire_date": "2022-03-23T13:54:55.900Z"}}, {"model": "sessions.session", "pk": "ywe0g6q9hxg3v4dxacx50q3lei61yncd", "fields": {"session_data": ".eJxVjMsKwjAURP8lawl5XoNL935DuI_UVCWFpl2J_24LXSjMas6ZeauM61Lz2sucR1EXZdXptyPkZ2k7kAe2-6R5ass8kt4VfdCub5OU1_Vw_w4q9rqtAyRfHA-JnbXE1gCj3xIFDAyxRE5n8SQgSJxccMUjUXQRDCYMVn2-78o4Qg:1nL4UL:6kRMgNibE--ObIwqSa7nQ3FEzcG1-6wipQAkzJRYVVk", "expire_date": "2022-03-04T14:44:01.971Z"}}, {"model": "category.category", "pk": 1, "fields": {"category_name": "Shirts", "slug": "shirts", "description": "All Shirts", "cat_image": "photos/categories/shirts.jpg"}}, {"model": "category.category", "pk": 2, "fields": {"category_name": "T- shirts", "slug": "t-shirts", "description": "All T-shirts", "cat_image": "photos/categories/tshirts.jpg"}}, {"model": "category.category", "pk": 3, "fields": {"category_name": "Jeans", "slug": "jeans", "description": "Lorem Ipsum is simply dummy text of the printing and typesetting industry. Lorem Ipsum has been the industry's standard dummy text ever since the 1500s,", "cat_image": ""}}, {"model": "category.category", "pk": 4, "fields": {"category_name": "Pants", "slug": "pants", "description": "Lorem Ipsum is simply dummy text of the printing and typesetting industry. Lorem Ipsum has been the industry's standard dummy text ever since the 1500s,", "cat_image": ""}}, {"model": "category.category", "pk": 5, "fields": {"category_name": "Shoes", "slug": "shoes", "description": "Lorem Ipsum is simply dummy text of the printing and typesetting industry. Lorem Ipsum has been the industry's standard dummy text ever since the 1500s,", "cat_image": ""}}, {"model": "category.category", "pk": 6, "fields": {"category_name": "Jackets", "slug": "jackets", "description": "Lorem Ipsum is simply dummy text of the printing and typesetting industry. Lorem Ipsum has been the industry's standard dummy text ever since the 1500s,", "cat_image": ""}}, {"model": "accounts.account", "pk": 1, "fields": {"password": "pbkdf2_sha256$216000$vvo9MiP4Dwqy$CQPQimyKdZ/6iF0XcWbamHzsU07j5bV3LEINvy2Egig=", "first_name": "Ridoy", "last_name": "Roy", "username": "Ridoy Roy", "email": "ridoyroycse53engg@gmail.com", "phone_number": "", "date_joined": "2021-12-23T18:07:28.495Z", "last_login": "2022-03-27T16:14:45.260Z", "is_admin": true, "is_staff": true, "is_active": true, "is_superadmin": false}}, {"model": "accounts.account", "pk": 33, "fields": {"password": "pbkdf2_sha256$216000$orsuFfdw43xD$tWrIzimcZwCqZkmpDJudoxbSkGgftyM21cqntT798z4=", "first_name": "Hridoy", "last_name": "Roy", "username": "myaccount", "email": "myaccount@gmail.com", "phone_number": "+8801779714999", "date_joined": "2022-03-05T20:08:30.846Z", "last_login": "2022-03-05T20:08:30.846Z", "is_admin": false, "is_staff": false, "is_active": false, "is_superadmin": false}}, {"model": "accounts.account", "pk": 35, "fields": {"password": "pbkdf2_sha256$216000$NMFwaFUVJKiS$EANkNsbswbel1JbRwEhgvu8ssN1XmkR8SjV7WG6DntU=", "first_name": "Hridoy", "last_name": "Roy", "username": "hridoy464", "email": "hridoy464@gmail.com", "phone_number": "+8801779714999", "date_joined": "2022-03-05T21:12:45.581Z", "last_login": "2022-03-27T16:11:20.628Z", "is_admin": false, "is_staff": false, "is_active": true, "is_superadmin": false}}, {"model": "accounts.account", "pk": 41, "fields": {"password": "pbkdf2_sha256$216000$bbtO5F3nRXH4$6YP/W8frOjdFFBrHIlI2m2RuqpSqTrcYVrG25qiz0+Y=", "first_name": "Shailen", "last_name": "Roy", "username": "shailenroy2", "email": "shailenroy2@gmail.com", "phone_number": "01779171999", "date_joined": "2022-03-15T16:12:09.853Z", "last_login": "2022-03-15T16:12:09.853Z", "is_admin": false, "is_staff": false, "is_active": false, "is_superadmin": false}}, {"model": "mystore.product", "pk": 1, "fields": {"product_name": "Step Shirt", "slug": "shirt", "description": "All Shirts", "price": 499, "images": "photos/products/Wrangler-Shirt.jpg", "stock": 10, "is_available": true, "category": 1, "create_date": "2021-12-23T18:55:12.295Z", "modified_date": "2021-12-24T04:39:07.262Z"}}, {"model": "mystore.product", "pk": 2, "fields": {"product_name": "ATX-Jeans", "slug": "atx-jeans", "description": "Lorem Ipsum is simply dummy text of the printing and typesetting industry. Lorem Ipsum has been the industry's standard dummy text ever since the 1500s,", "price": 199, "images": "photos/products/ATX-Jeans.jpg", "stock": 8, "is_available": true, "category": 3, "create_date": "2021-12-24T04:41:59.412Z", "modified_date": "2022-03-27T16:24:20.181Z"}}, {"model": "mystore.product", "pk": 3, "fields": {"product_name": "Blue Shirt", "slug": "blue-shirt", "description": "Lorem Ipsum is simply dummy text of the printing and typesetting industry. Lorem Ipsum has been the industry's standard dummy text ever since the 1500s,", "price": 220, "images": "photos/products/Blue-Shirt.jpg", "stock": 10, "is_available": true, "category": 1, "create_date": "2021-12-24T04:42:44.153Z", "modified_date": "2021-12-24T04:42:44.153Z"}}, {"model": "mystore.product", "pk": 4, "fields": {"product_name": "Great T-shirt", "slug": "great-t-shirt", "description": "This is a great shirt.", "price": 120, "images": "photos/products/Great-Tshirt.jpg", "stock": 10, "is_available": true, "category": 2, "create_date": "2021-12-24T04:43:14.612Z", "modified_date": "2022-02-09T17:51:41.641Z"}}, {"model": "mystore.product", "pk": 5, "fields": {"product_name": "Pant", "slug": "pant", "description": "Lorem Ipsum is simply dummy text of the printing and typesetting industry. Lorem Ipsum has been the industry's standard dummy text ever since the 1500s,", "price": 329, "images": "photos/products/image1.jpg", "stock": 0, "is_available": true, "category": 4, "create_date": "2021-12-24T04:44:22.317Z", "modified_date": "2021-12-24T18:39:20.954Z"}}, {"model": "mystore.product", "pk": 6, "fields": {"product_name": "Jordan Shoes", "slug": "jordan-shoes", "description": "Lorem Ipsum is simply dummy text of the printing and typesetting industry. Lorem Ipsum has been the industry's standard dummy text ever since the 1500s,", "price": 500, "images": "photos/products/jordan-true-flight-basketball-shoes.jpg", "stock": 9, "is_available": true, "category": 5, "create_date": "2021-12-24T04:45:29.162Z", "modified_date": "2021-12-24T04:45:29.162Z"}}, {"model": "mystore.product", "pk": 7, "fields": {"product_name": "Puma Shoes", "slug": "puma-shoes", "description": "Lorem Ipsum is simply dummy text of the printing and typesetting industry. Lorem Ipsum has been the industry's standard dummy text ever since the 1500s,", "price": 550, "images": "photos/products/Puma-Ferrari-Shoes.jpg", "stock": 10, "is_available": true, "category": 5, "create_date": "2021-12-24T04:46:09.739Z", "modified_date": "2021-12-24T04:46:09.740Z"}}, {"model": "mystore.product", "pk": 8, "fields": {"product_name": "US-Polo-Assn_Jacket", "slug": "us-polo-assn_jacket", "description": "Lorem Ipsum is simply dummy text of the printing and typesetting industry. Lorem Ipsum has been the industry's standard dummy text ever since the 1500s,", "price": 660, "images": "photos/products/US-Polo-Assn_Jacket.jpg", "stock": 10, "is_available": true, "category": 6, "create_date": "2021-12-24T04:47:34.446Z", "modified_date": "2021-12-24T04:47:34.446Z"}}, {"model": "mystore.variation", "pk": 1, "fields": {"product": 1, "variation_category": "color", "variation_value": "Red", "is_active": true, "created_date": "2022-02-18T15:00:27.603Z"}}, {"model": "mystore.variation", "pk": 2, "fields": {"product": 1, "variation_category": "color", "variation_value": "Blue", "is_active": true, "created_date": "2022-02-14T10:10:51.190Z"}}, {"model": "mystore.variation", "pk": 3, "fields": {"product": 2, "variation_category": "color", "variation_value": "RED", "is_active": true, "created_date": "2022-02-18T15:00:21.353Z"}}, {"model": "mystore.variation", "pk": 4, "fields": {"product": 2, "variation_category": "color", "variation_value": "White", "is_active": true, "created_date": "2022-02-18T15:00:47.501Z"}}, {"model": "mystore.variation", "pk": 5, "fields": {"product": 2, "variation_category": "color", "variation_value": "Yellow", "is_active": true, "created_date": "2022-02-18T15:00:58.534Z"}}, {"model": "mystore.variation", "pk": 6, "fields": {"product": 2, "variation_category": "color", "variation_value": "Pink", "is_active": true, "created_date": "2022-02-18T15:09:53.515Z"}}, {"model": "mystore.variation", "pk": 7, "fields": {"product": 2, "variation_category": "color", "variation_value": "Blue", "is_active": true, "created_date": "2022-02-18T15:10:14.266Z"}}, {"model": "mystore.variation", "pk": 8, "fields": {"product": 2, "variation_category": "size", "variation_value": "Small", "is_active": true, "created_date": "2022-02-18T16:01:57.080Z"}}, {"model": "mystore.variation", "pk": 9, "fields": {"product": 2, "variation_category": "size", "variation_value": "Medium", "is_active": true, "created_date": "2022-02-18T16:02:23.645Z"}}, {"model": "mystore.variation", "pk": 10, "fields": {"product": 2, "variation_category": "size", "variation_value": "Large", "is_active": true, "created_date": "2022-02-18T16:02:36.584Z"}}, {"model": "mystore.variation", "pk": 11, "fields": {"product": 2, "variation_category": "size", "variation_value": "Extra Large", "is_active": true, "created_date": "2022-02-18T16:02:48.836Z"}}, {"model": "mystore.variation", "pk": 12, "fields": {"product": 1, "variation_category": "size", "variation_value": "S", "is_active": true, "created_date": "2022-02-18T16:24:35.498Z"}}, {"model": "mystore.variation", "pk": 13, "fields": {"product": 1, "variation_category": "size", "variation_value": "M", "is_active": true, "created_date": "2022-02-18T16:25:03.474Z"}}, {"model": "mystore.variation", "pk": 14, "fields": {"product": 1, "variation_category": "size", "variation_value": "L", "is_active": true, "created_date": "2022-02-18T16:25:11.814Z"}}, {"model": "mystore.variation", "pk": 15, "fields": {"product": 1, "variation_category": "size", "variation_value": "XL", "is_active": true, "created_date": "2022-02-18T16:26:50.673Z"}}, {"model": "mystore.variation", "pk": 16, "fields": {"product": 1, "variation_category": "color", "variation_value": "Black", "is_active": true, "created_date": "2022-02-18T16:27:43.595Z"}}, {"model": "carts.cart", "pk": 23, "fields": {"cart_id": "3kx8tfttmbyi8cpl6bsdj8nwg9dvowve", "date_added": "2022-03-08"}}, {"model": "carts.cart", "pk": 24, "fields": {"cart_id": "amsn85hlh087qso8snailoqo8k92q6gb", "date_added": "2022-03-08"}}, {"model": "carts.cart", "pk": 25, "fields": {"cart_id": "ysxabujzeviob75oh8gwh75jhdwk4kfq", "date_added": "2022-03-08"}}, {"model": "carts.cart", "pk": 26, "fields": {"cart_id": "f4twfzg4vtyv193jhtpzy7sdmwi4ap8e", "date_added": "2022-03-08"}}, {"model": "carts.cart", "pk": 27, "fields": {"cart_id": "lg0g4nhptbfa7ct3b2ua8uucnx8j3brg", "date_added": "2022-03-08"}}, {"model": "carts.cart", "pk": 28, "fields": {"cart_id": "hoh0irud8qjag8x7bd03p1mj0m4twzp7", "date_added": "2022-03-08"}}, {"model": "carts.cart", "pk": 29, "fields": {"cart_id": "6ajzzixecr8vekkh89fyqzcd0da8kkya", "date_added": "2022-03-08"}}, {"model": "carts.cart", "pk": 30, "fields": {"cart_id": "snod7tsfq90sufmjw5itdvou07inb6ls", "date_added": "2022-03-08"}}, {"model": "carts.cart", "pk": 31, "fields": {"cart_id": "0pj0mu34xlfha434bmgtxlimz9mu6k3l", "date_added": "2022-03-08"}}, {"model": "carts.cart", "pk": 32, "fields": {"cart_id": "b7f1yfrva4rx102h7l6n649elt7eh4y8", "date_added": "2022-03-09"}}, {"model": "carts.cart", "pk": 33, "fields": {"cart_id": "k46nrq53fbf27e4p2hqlju9o1ihp988q", "date_added": "2022-03-27"}}, {"model": "carts.cartitem", "pk": 144, "fields": {"user": null, "product": 1, "cart": 31, "quantity": 1, "is_active": true, "variations": [1, 13]}}, {"model": "carts.cartitem", "pk": 159, "fields": {"user": null, "product": 1, "cart": 33, "quantity": 1, "is_active": true, "variations": [1, 13]}}, {"model": "orders.payment", "pk": 1, "fields": {"user": 35, "payment_id": "27194909LX218493D", "payment_method": "PayPal", "amount_paid": "200.99", "status": "COMPLETED", "created_at": "2022-03-14T09:00:39.387Z"}}, {"model": "orders.payment", "pk": 2, "fields": {"user": 35, "payment_id": "27P21098BV675753S", "payment_method": "PayPal", "amount_paid": "704.98", "status": "COMPLETED", "created_at": "2022-03-15T13:13:39.485Z"}}, {"model": "orders.payment", "pk": 3, "fields": {"user": 35, "payment_id": "63B39091L25221849", "payment_method": "PayPal", "amount_paid": "503.99", "status": "COMPLETED", "created_at": "2022-03-15T14:34:12.516Z"}}, {"model": "orders.payment", "pk": 4, "fields": {"user": 35, "payment_id": "6D675040W34758130", "payment_method": "PayPal", "amount_paid": "200.99", "status": "COMPLETED", "created_at": "2022-03-15T14:39:19.797Z"}}, {"model": "orders.payment", "pk": 5, "fields": {"user": 35, "payment_id": "2KW89304E6745515H", "payment_method": "PayPal", "amount_paid": "200.99", "status": "COMPLETED", "created_at": "2022-03-15T15:00:08.043Z"}}, {"model": "orders.payment", "pk": 6, "fields": {"user": 35, "payment_id": "0D380679L62519803", "payment_method": "PayPal", "amount_paid": "503.99", "status": "COMPLETED", "created_at": "2022-03-15T15:42:32.244Z"}}, {"model": "orders.payment", "pk": 7, "fields": {"user": 35, "payment_id": "3RY31763YG899503Y", "payment_method": "PayPal", "amount_paid": "200.99", "status": "COMPLETED", "created_at": "2022-03-15T17:01:14.193Z"}}, {"model": "orders.payment", "pk": 8, "fields": {"user": 35, "payment_id": "2J7396570R3869304", "payment_method": "PayPal", "amount_paid": "401.98", "status": "COMPLETED", "created_at": "2022-03-15T18:42:20.682Z"}}, {"model": "orders.payment", "pk": 9, "fields": {"user": 35, "payment_id": "6GT57116GS0828936", "payment_method": "PayPal", "amount_paid": "200.99", "status": "COMPLETED", "created_at": "2022-03-27T16:14:13.832Z"}}, {"model": "orders.payment", "pk": 10, "fields": {"user": 35, "payment_id": "6NM15815F58252312", "payment_method": "PayPal", "amount_paid": "200.99", "status": "COMPLETED", "created_at": "2022-03-27T16:24:19.564Z"}}, {"model": "orders.order", "pk": 79, "fields": {"user": 35, "payment": 2, "order_number": "15032022-79", "first_name": "Hridoy", "last_name": "Roy", "phone": "01779714999", "email": "hridoy464@gmail.com", "address_line_1": "Rupnagar,Abasik,Mirpur 2, Dhaka", "address_line_2": "Rupnagar", "country": "Bangladesh", "state": "Bangladesh", "city": "Dhaka", "order_note": "I just want the original product!", "order_total": 704.98, "tax": 6.98, "status": "New", "ip": "127.0.0.1", "is_ordered": true, "created_at": "2022-03-15T13:11:54.805Z", "updated_at": "2022-03-15T13:13:39.609Z"}}, {"model": "orders.order", "pk": 80, "fields": {"user": 35, "payment": 3, "order_number": "15032022-80", "first_name": "Rohan", "last_name": "Roy", "phone": "01779714999", "email": "hridoy464@gmail.com", "address_line_1": "Rupnagar,Abasik,Mirpur 2, Dhaka", "address_line_2": "Rupnagar", "country": "Bangladesh", "state": "Bangladesh", "city": "Dhaka", "order_note": "", "order_total": 503.99, "tax": 4.99, "status": "New", "ip": "127.0.0.1", "is_ordered": true, "created_at": "2022-03-15T13:29:28.677Z", "updated_at": "2022-03-15T14:34:13.169Z"}}, {"model": "orders.order", "pk": 81, "fields": {"user": 35, "payment": 4, "order_number": "15032022-81", "first_name": "Rohid", "last_name": "Roy", "phone": "01779714999", "email": "hridoy464@gmail.com", "address_line_1": "Rupnagar,Abasik,Mirpur 2, Dhaka", "address_line_2": "Rupnagar", "country": "Bangladesh", "state": "Bangladesh", "city": "Dhaka", "order_note": "", "order_total": 200.99, "tax": 1.99, "status": "New", "ip": "127.0.0.1", "is_ordered": true, "created_at": "2022-03-15T14:36:00.449Z", "updated_at": "2022-03-15T14:39:19.995Z"}}, {"model": "orders.order", "pk": 82, "fields": {"user": 35, "payment": 5, "order_number": "15032022-82", "first_name": "Rakib", "last_name": "Khan", "phone": "01779714999", "email": "hridoy464@gmail.com", "address_line_1": "Rupnagar,Abasik,Mirpur 2, Dhaka", "address_line_2": "Rupnagar", "country": "Bangladesh", "state": "Bangladesh", "city": "Dhaka", "order_note": "Test test!", "order_total": 200.99, "tax": 1.99, "status": "New", "ip": "127.0.0.1", "is_ordered": true, "created_at": "2022-03-15T14:58:43.879Z", "updated_at": "2022-03-15T15:00:08.233Z"}}, {"model": "orders.order", "pk": 83, "fields": {"user": 35, "payment": 6, "order_number": "15032022-83", "first_name": "Hridoy222", "last_name": "Roy", "phone": "01779714999", "email": "hridoy464@gmail.com", "address_line_1": "Rupnagar,Abasik,Mirpur 2, Dhaka", "address_line_2": "Rupnagar", "country": "Bangladesh", "state": "Bangladesh", "city": "Dhaka", "order_note": "dsgdf", "order_total": 503.99, "tax": 4.99, "status": "New", "ip": "127.0.0.1", "is_ordered": true, "created_at": "2022-03-15T15:40:06.230Z", "updated_at": "2022-03-15T15:42:32.484Z"}}, {"model": "orders.order", "pk": 84, "fields": {"user": 35, "payment": 7, "order_number": "15032022-84", "first_name": "Test", "last_name": "Roy", "phone": "01779714999", "email": "hridoy464@gmail.com", "address_line_1": "Rupnagar,Abasik,Mirpur 2, Dhaka", "address_line_2": "Rupnagar", "country": "Bangladesh", "state": "Bangladesh", "city": "Dhaka", "order_note": "This is a short note!", "order_total": 200.99, "tax": 1.99, "status": "New", "ip": "127.0.0.1", "is_ordered": true, "created_at": "2022-03-15T17:00:26.145Z", "updated_at": "2022-03-15T17:01:14.373Z"}}, {"model": "orders.order", "pk": 85, "fields": {"user": 35, "payment": 8, "order_number": "16032022-85", "first_name": "Amit", "last_name": "Roy", "phone": "01779714999", "email": "hridoy464@gmail.com", "address_line_1": "Rupnagar,Abasik,Mirpur 2, Dhaka", "address_line_2": "Rupnagar", "country": "Bangladesh", "state": "Bangladesh", "city": "Dhaka", "order_note": "Hey", "order_total": 401.98, "tax": 3.98, "status": "New", "ip": "127.0.0.1", "is_ordered": true, "created_at": "2022-03-15T18:41:19.828Z", "updated_at": "2022-03-15T18:42:21.115Z"}}, {"model": "orders.order", "pk": 86, "fields": {"user": 35, "payment": 9, "order_number": "27032022-86", "first_name": "Reduce", "last_name": "Product", "phone": "01779714999", "email": "hridoy464@gmail.com", "address_line_1": "Rupnagar,Abasik,Mirpur 2, Dhaka", "address_line_2": "Rupnagar", "country": "Bangladesh", "state": "Bangladesh", "city": "Dhaka", "order_note": "Hey hey", "order_total": 200.99, "tax": 1.99, "status": "New", "ip": "127.0.0.1", "is_ordered": true, "created_at": "2022-03-27T16:13:06.032Z", "updated_at": "2022-03-27T16:14:14.022Z"}}, {"model": "orders.order", "pk": 87, "fields": {"user": 35, "payment": 10, "order_number": "27032022-87", "first_name": "Reduce", "last_name": "Product", "phone": "01779714999", "email": "hridoy464@gmail.com", "address_line_1": "Rupnagar,Abasik,Mirpur 2, Dhaka", "address_line_2": "Rupnagar", "country": "Bangladesh", "state": "Bangladesh", "city": "Dhaka", "order_note": "Hey hey", "order_total": 200.99, "tax": 1.99, "status": "New", "ip": "127.0.0.1", "is_ordered": true, "created_at": "2022-03-27T16:23:27.244Z", "updated_at": "2022-03-27T16:24:19.727Z"}}, {"model": "orders.orderproduct", "pk": 1, "fields": {"order": 82, "payment": 5, "user": 35, "product": 2, "quantity": 1, "product_price": 199.0, "ordered": true, "created_at": "2022-03-15T15:00:08.603Z", "updated_at": "2022-03-15T15:00:08.603Z", "variations": []}}, {"model": "orders.orderproduct", "pk": 2, "fields": {"order": 83, "payment": 6, "user": 35, "product": 1, "quantity": 1, "product_price": 499.0, "ordered": true, "created_at": "2022-03-15T15:42:32.738Z", "updated_at": "2022-03-15T15:42:32.739Z", "variations": []}}, {"model": "orders.orderproduct", "pk": 3, "fields": {"order": 84, "payment": 7, "user": 35, "product": 2, "quantity": 1, "product_price": 199.0, "ordered": true, "created_at": "2022-03-15T17:01:14.551Z", "updated_at": "2022-03-15T17:01:15.114Z", "variations": [3, 9]}}, {"model": "orders.orderproduct", "pk": 4, "fields": {"order": 85, "payment": 8, "user": 35, "product": 2, "quantity": 1, "product_price": 199.0, "ordered": true, "created_at": "2022-03-15T18:42:21.373Z", "updated_at": "2022-03-15T18:42:22.365Z", "variations": [3, 9]}}, {"model": "orders.orderproduct", "pk": 5, "fields": {"order": 85, "payment": 8, "user": 35, "product": 2, "quantity": 1, "product_price": 199.0, "ordered": true, "created_at": "2022-03-15T18:42:22.559Z", "updated_at": "2022-03-15T18:42:22.986Z", "variations": [4, 10]}}, {"model": "orders.orderproduct", "pk": 6, "fields": {"order": 86, "payment": 9, "user": 35, "product": 2, "quantity": 1, "product_price": 199.0, "ordered": true, "created_at": "2022-03-27T16:14:14.226Z", "updated_at": "2022-03-27T16:14:14.953Z", "variations": [3, 9]}}, {"model": "orders.orderproduct", "pk": 7, "fields": {"order": 87, "payment": 10, "user": 35, "product": 2, "quantity": 1, "product_price": 199.0, "ordered": true, "created_at": "2022-03-27T16:24:19.826Z", "updated_at": "2022-03-27T16:24:20.088Z", "variations": [3, 9]}}]